"codigo","descripcion","lista1","lista2","lista3","lista4","lista5","linea","rubro","capacidad","pack"
"1111","BUDWEISER 12 X 1","21.26","21.26","21.26","21.26","21.26","BUDWEISER","1","","12"
"1216","HEINEKEN. LOINECK 24 X 330","49.27","49.27","49.27","49.27","49.27","HEINEKEN","1","","24"
"1215","HEINEKEN LATA 24X473","68.85","68.85","68.85","68.85","68.85","HEINEKEN","1","","24"
"1214","HINEKEN LATA 24 X 350","43.42","43.42","43.42","43.42","43.42","HEINEKEN","1","","24"
"1213","HEINEKEN 6 X 1","41.51","41.51","41.51","41.51","41.51","HEINEKEN","1","","6"
"1212","HEINEKEN 12 X 650","26.77","26.77","26.77","26.77","26.77","HEINEKEN","1","","12"
"1211","HEINEKEN 12 X 1","21.26","21.26","21.26","21.26","21.26","HEINEKEN","1","","12"
"1115","BUD. LOINECK  24 X 355","68.85","68.85","68.85","68.85","68.85","BUDWEISER","1","","24"
"1112","BUDWEISER 12 X 650","26.77","26.77","26.77","26.77","26.77","BUDWEISER","1","","12"
"1113","BUDWEISER 6 X 1","41.51","41.51","41.51","41.51","41.51","BUDWEISER","1","","6"
"1114","BUD LATA 24 X 355","43.42","43.42","43.42","43.42","43.42","BUDWEISER","1","","24"
"1311","SCHNEIDER 12 X 1","21.26","21.26","21.26","21.26","21.26","SCHNEIDER","1","","12"
"1312","SCHNEIDER 12 X 1 NEGRA","26.77","26.77","26.77","26.77","26.77","SCHNEIDER","1","","12"
"1313","SCHNEIDER LOINECK 24 X 355","41.51","41.51","41.51","41.51","41.51","SCHNEIDER","1","","24"
"1411","NEGRA MODELO 12 X 330","21.26","21.26","21.26","21.26","21.26","CORONA","1","","24"
"1511","CORONA 24 X 330","21.26","21.26","21.26","21.26","21.26","MODELO","1","","24"
"1611","GUINNESS 24 X 330","21.26","21.26","21.26","21.26","21.26","GUINNES","1","","24"
"2111","NATIVO 8 X 1 TINTO","28.35","28.35","28.35","28.35","28.35","NATIVO","2","","8"
"2112","NATIVO 6 X 3/4 TINTO","35.7","35.7","35.7","35.7","35.7","NATIVO","2","","6"
"2113","NATIVO 12 X 1 TINTO","55.35","55.35","55.35","55.35","55.35","NATIVO","2","","12"
"2121","NATIVO 8 X 1 ROSADO","28.35","28.35","28.35","28.35","28.35","NATIVO","2","","8"
"2122","NATIVO 6 X 3/4 ROSADO","35.7","35.7","35.7","35.7","35.7","NATIVO","2","","6"
"2123","NATIVO 12 X 1 ROSADO","55.35","55.35","55.35","55.35","55.35","NATIVO","2","","12"
"2131","NATIVO 8 X 1 BLANCO","28.35","28.35","28.35","28.35","28.35","NATIVO","2","","8"
"2132","NATIVO 6 X 3/4 BLANCO","35.7","35.7","35.7","35.7","35.7","NATIVO","2","","6"
"2133","NATIVO 12 X 1 BLANCO","55.35","55.35","55.35","55.35","55.35","NATIVO","2","","12"
"2211","TORO 12 X 1 TINTO","28.35","28.35","28.35","28.35","28.35","TORO","2","","12"
"2212","TORO 8  X 1 TINTO","35.7","35.7","35.7","35.7","35.7","TORO","2","","8"
"2221","TORO 12 X 1 ROSADO","28.35","28.35","28.35","28.35","28.35","TORO","2","","12"
"2222","TORO 8 X 1 ROSADO","35.7","35.7","35.7","35.7","35.7","TORO","2","","8"
"2231","TORO 12 X 1 BLANCO","28.35","28.35","28.35","28.35","28.35","TORO","2","","12"
"2232","TORO 8 X 1 BLANCO","35.7","35.7","35.7","35.7","35.7","TORO","2","","8"
"2312","TORO VIEJO 6 X 3/4 ROSADO","35.7","35.7","35.7","35.7","35.7","TORO VIEJO","2","","6"
"2311","TORO VIEJO 6 X 3/4 TINTO","28.35","28.35","28.35","28.35","28.35","TORO VIEJO","2","","6"
"2313","TORO VIEJO 6 X 3/4 BLANCO","55.35","55.35","55.35","55.35","55.35","TORO VIEJO","2","","6"
"2314","TORO V. LACRADO 6 X 3/4","57.9","57.9","57.9","57.9","57.9","TORO VIEJO","2","","6"
"2315","TORO SIRAK 6 X 3/4 TINTO","91.8","91.8","91.8","91.8","91.8","TORO VIEJO","2","","6"
"2316","TORO V. SIRAK 6  X 1250 TTO","65.7","65.7","65.7","65.7","65.7","TORO VIEJO","2","","6"
"2317","TORO V.  6  X 1250 TORRONTES","1.5","1.5","1.5","1.5","1.5","TORO VIEJO","2","","6"
"2411","TORITO 6 X 3/4 TINTO","28.35","28.35","28.35","28.35","28.35","TORITO","2","","6"
"2412","TORITO 6 X 3/4 ROSADO","35.7","35.7","35.7","35.7","35.7","TORITO","2","","6"
"2413","TORITO 6 X 3/4 BLANCO","55.35","55.35","55.35","55.35","55.35","TORITO","2","","6"
"2511","MARQ. DE LA COLINA 6 X 3/4 TINTO","28.35","28.35","28.35","28.35","28.35","MARQUE DE LA COLINA","2","","6"
"2611","CANCILLER MALVEC X 3/4","28.35","28.35","28.35","28.35","28.35","CANCILLER","2","","1"
"2612","CANCILLER CABERNET X 3/4","35.7","35.7","35.7","35.7","35.7","CANCILLER","2","","1"
"2613","CANCILLER MERLOT X 3/4","55.35","55.35","55.35","55.35","55.35","CANCILLER","2","","1"
"2614","CANCILLER MALVEC X 1500","57.9","57.9","57.9","57.9","57.9","CANCILLER","2","","1"
"2615","CANCILLER CABERNET X 1500","91.8","91.8","91.8","91.8","91.8","CANCILLER","2","","1"
"2711","LA COLINA MALVEC X 3/4","28.35","28.35","28.35","28.35","28.35","LA COLINA","2","","1"
"2811","ESTANCIA MZA MERL-MALB X 3/4","28.35","28.35","28.35","28.35","28.35","ESTANCIA DE MENDOZA","2","","1"
"2812","ESTANCIA MZA CABER-MERLOT X 3/4","35.7","35.7","35.7","35.7","35.7","ESTANCIA DE MENDOZA","2","","1"
"2813","ESTANCIA MZA MALVEC X 3/4","55.35","55.35","55.35","55.35","55.35","ESTANCIA DE MENDOZA","2","","1"
"2814","ESTANCIA MZA CABERNET X 3/4","57.9","57.9","57.9","57.9","57.9","ESTANCIA DE MENDOZA","2","","1"
"2821","ESTANCIA MZA CHENIN-CHARD X 3/4","28.35","28.35","28.35","28.35","28.35","ESTANCIA DE MENDOZA","2","","1"
"2822","ESTANCIA MZA CHARDONAY X 3/4","35.7","35.7","35.7","35.7","35.7","ESTANCIA DE MENDOZA","2","","1"
"2911","TORO PRISMA 6 X 750 SIRAH","28.35","28.35","28.35","28.35","28.35","TORO PRISMA","2","","6"
"21011","COLON MALVEC X 3/4","28.35","28.35","28.35","28.35","28.35","COLON","2","","1"
"2921","TORO PRISMA 6 X 750 TORR","28.35","28.35","28.35","28.35","28.35","TORO PRISMA","2","","6"
"21012","COLON CABERNET X 3/4","35.7","35.7","35.7","35.7","35.7","COLON","2","","1"
"3111","TUBITO 6 X 2 1/4 COLA","12","12","12","12","12","TUBITO","3","","6"
"3112","TUBITO 6 X 2 1/4 LIMA LIMON","12","12","12","12","12","TUBITO","3","","6"
"3113","TUBITO 6 X 2 1/4 NARANJA","12","12","12","12","12","TUBITO","3","","6"
"3114","TUBITO 6 X 2 1/4 GUARANA","12","12","12","12","12","TUBITO","3","","6"
"3115","TUBITO 6 X 2 1/4 POMELO","12","12","12","12","12","TUBITO","3","","6"
"3116","TUBITO 6 X 2 1/4 POMELO ROSADO","12","12","12","12","12","TUBITO","3","","6"
"3117","TUBITO 6 X 2 1/4 UVA","12","12","12","12","12","TUBITO","3","","6"
"3118","TUBITO 6 X 2 1/4 GRANADINA","12","12","12","12","12","TUBITO","3","","6"
"3119","TUBITO 6 X 2 1/4 LIMONADA","12","12","12","12","12","TUBITO","3","","6"
"3121","TUBITO 6 X 1 COLA","8","8","8","8","8","TUBITO","3","","6"
"3122","TUBITO 6 X 1 LIMA LIMON","8","8","8","8","8","TUBITO","3","","6"
"3123","TUBITO 6 X 1 NARANJ.","8","8","8","8","8","TUBITO","3","","6"
"3124","TUBITO 6 X 1 GUARANA","8","8","8","8","8","TUBITO","3","","6"
"3125","TUBITO 6 X 1 POMELO","8","8","8","8","8","TUBITO","3","","6"
"3126","TUBITO 6 X 1 POMELO ROSADO","8","8","8","8","8","TUBITO","3","","6"
"3127","TUBITO 6 X 1 UVA","8","8","8","8","8","TUBITO","3","","6"
"3128","TUBITO 6 X 1 GRANADINA","8","8","8","8","8","TUBITO","3","","6"
"3129","TUBITO 6 X 1 LIMONADA","8","8","8","8","8","TUBITO","3","","6"
"3131","TUBITO 6 X 350 COLA","5","5","5","5","5","TUBITO","3","","6"
"3132","TUBITO 6 X 350 L. LIMON","5","5","5","5","5","TUBITO","3","","6"
"3133","TUBITO 6 X 350 NARANJA","5","5","5","5","5","TUBITO","3","","6"
"3134","TUBITO 6 X 350 GUARANA","5","5","5","5","5","TUBITO","3","","6"
"3135","TUBITO 6 X 350 POMELO","5","5","5","5","5","TUBITO","3","","6"
"3136","TUBITO 6 X 350 ORO","5","5","5","5","5","TUBITO","3","","6"
"3137","TUBITO 6 X 350 UVA","5","5","5","5","5","TUBITO","3","","6"
"3138","TUBITO 6 X 350 GRANADINA","5","5","5","5","5","TUBITO","3","","6"
"3139","TUBITO 6 X 350 LIMONADA","5","5","5","5","5","TUBITO","3","","6"
"6111","V. DEL SUR POMELO 6 X 1 1/2","16","16","16","16","16","VILLA DEL SUR","6","","6"
"6112","V. DEL SUR NARANJA 6 X 1 1/2","16","16","16","16","16","VILLA DEL SUR","6","","6"
"6121","V. DEL SUR AGUA 6 X 2 1/4","13","13","13","13","13","VILLA DEL SUR","6","","6"
"6122","V. DEL SUR 6 X 1 1/2 AGUA","11","11","11","11","11","VILLA DEL SUR","6","","6"
"6123","V. DEL SUR 12 X 750 AGUA","17","17","17","17","17","VILLA DEL SUR","6","","12"
"6211","VILLAVICENCIO 6 X 2 S/G","13","13","13","13","13","VILLA VICENCIO","6","","6"
"6212","VILLAVICENCIO 6 X 1 1/2 S/G","11","11","11","11","11","VILLA VICENCIO","6","","6"
"6213","VILLAVICENCIO 12 X 500 SIN GAS","15","15","15","15","15","VILLA VICENCIO","6","","12"
"6221","V. VICENCIO 6 X 1 1/2 GASIFICADO","13","13","13","13","13","VILLA VICENCIO","6","","6"
"6222","VILLAVICENCIO 12 X 500 CON GAS","17","17","17","17","17","VILLA VICENCIO","6","","12"
"6311","SER 6 X 2 NAR-DUR","20","20","20","20","20","SER","6","","6"
"6312","SER 6 X 1 1/2 NAR-DURAZNO","15","15","15","15","15","SER","6","","6"
"6313","SER 12 X 500 NAR-DUR","19","19","19","19","19","SER","6","","12"
"6321","SER 6 X 2 L.LIMON","20","20","20","20","20","SER","6","","6"
"6322","SER 6 X 1 1/2 L.LIMON","15","15","15","15","15","SER","6","","6"
"6323","SER 12 X 500 L.LIMON","19","19","19","19","19","SER","6","","12"
"6331","SER 6 X 2 CITRUS","20","20","20","20","20","SER","6","","6"
"6332","SER 6 X 1 1/2 CITRUS","15","15","15","15","15","SER","6","","6"
"6333","SER 12 X 500 CITRUS","19","19","19","19","19","SER","6","","12"
"6351","SER VIDACTIV 6 X 1 1/2 NAR-POM","17","17","17","17","17","SER","6","","6"
"6352","SER VIDACTIV 12 X 715 NAR-POM","25","25","25","25","25","SER","6","","12"
"7111","DOBLE V X 1 LT","9","9","9","9","9","DOBLE V","7","","1"
"7211","PADDY X 1 LT","7","7","7","7","7","PADDY","7","","1"
"7311","WHISKY ARIZONA  X 750","5","5","5","5","5","ARIZONA","7","","6"
"7411","WHISKI PREMIUM X 1 LT","21","21","21","21","21","PREMIUM","7","","1"
"7511","WHISKI BALLANTINES X 750","47","47","47","47","47","BALLANTINES","7","","1"
"7611","WHISKI BLEN. PRIDE X 1 LT","25","25","25","25","25","BLENDERS PRIDE","7","","1"
"7711","WHISKI BLACK JACK X 750","10","10","10","10","10","BLACK JACK","7","","1"
"8112","LICOR SIVIAR 12 X 187 ARGENT.","26","26","26","26","26","SIVIAR","8","","1"
"7811","WHISKI HIRAN WALKER X 750","10","10","10","10","10","HIRAN WALKER","7","","1"
"7911","WHISKI CHIVAS REGAL 12 ANOS","110","110","110","110","110","CHIVAS REGAL 12 ANOS","7","","1"
"5211","JUGO FARNEDA 6 X 500 NAR.","6","6","6","6","6","FARNEDA","5","","1"
"71011","FERNET CAPRI X 750","8","8","8","8","8","CAPRI","7","","1"
"5218","JUGO FARNEDA 6 X 500 COLA","6","6","6","6","6","FARNEDA","5","","6"
"71012","FERNET CAPRI X 450","5","5","5","5","5","CAPRI","7","","1"
"5217","JUGO FARNEDA 6 X 500 GRANAD","6","6","6","6","6","FARNEDA","5","","6"
"5216","JUGO FARNEDA 6 X 500 DURAZNO","6","6","6","6","6","FARNEDA","5","","6"
"71013","FERNET CAPRI X 200","3","3","3","3","3","CAPRI","7","","1"
"71111","FERNET RAMAZZOTTI X 1 LT","21","21","21","21","21","RAMAZZOTTI","7","","1"
"5215","JUGO FARNEDA 6 X 500 FRUTILLA","6","6","6","6","6","FARNEDA","5","","6"
"5214","JUGO FARNEDA 6 X 500 ANANA","6","6","6","6","6","FARNEDA","5","","6"
"71211","FERNET SIVIAR X 930","5","5","5","5","5","SIVIAR","7","","1"
"5213","JUGO FARNEDA 6 X 500 POMEL","6","6","6","6","6","FARNEDA","5","","6"
"71212","FERNET SIVIAR 12 X 187","24","24","24","24","24","SIVIAR","7","","1"
"5212","JUGO FARNEDA 6 X 500 MAND","6","6","6","6","6","FARNEDA","5","","6"
"71311","CANA SIMPATICA 10 X 1 LT","25","25","25","25","25","SIMPATICA","7","","10"
"71411","CANA PERIBEBUY 10 X 1 LT","25","25","25","25","25","PEREBEBUY","7","","10"
"9611","CHAMP. LA COLINA DEMISEC X 750","7","7","7","7","7","LA COLINA","9","","1"
"8113","LICOR SIVIAR 12 X 187 CAFE","26","26","26","26","26","SIVIAR","8","","1"
"8114","LICOR SIVIAR 12  X 187 DURAZ.","26","26","26","26","26","SIVIAR","8","","1"
"8115","LICOR SIVIAR 12 X 187 FRUTILLA","26","26","26","26","26","SIVIAR","8","","1"
"8116","LICOR SIVIAR 12 X 187 MENTA","26","26","26","26","26","SIVIAR","8","","1"
"8117","PINA COLADA SIVIAR 12 X 187","26","26","26","26","26","SIVIAR","8","","1"
"8118","LICOR SIVIAR 12 X 187 D. DE LECHE","27","27","27","27","27","SIVIAR","8","","1"
"8119","LICOR SIVIAR 12 X 187 ANIS","26","26","26","26","26","SIVIAR","8","","1"
"8121","LICOR SIVIAR  X 750 CHOCOL.","5","5","5","5","5","SIVIAR","8","","1"
"8122","LICOR SIVIAR X 750 ARGETINO","4","4","4","4","4","SIVIAR","8","","1"
"8123","LICOR SIVIAR  X 750 CAFE","4","4","4","4","4","SIVIAR","8","","1"
"8124","LICOR SIVIAR  X 750 DURAZ.","4","4","4","4","4","SIVIAR","8","","1"
"8125","LICOR SIVIAR X 750 FRUTILLA","4","4","4","4","4","SIVIAR","8","","1"
"8126","LICOR SIVIAR  X 750 MENTA","4","4","4","4","4","SIVIAR","8","","1"
"8127","PINA COLADA SIVIAR X 750","4","4","4","4","4","SIVIAR","8","","1"
"8128","LICOR SIVIAR  X 750 DULCE DE LECHE","5","5","5","5","5","SIVIAR","8","","1"
"8129","LICOR SIVIAR  X 750 ANIS","4","4","4","4","4","SIVIAR","8","","1"
"8141","VODKA SIVIAR  X 750 FRUTILLA","4","4","4","4","4","SIVIAR","8","","6"
"8142","VODKA SIVIAR  X 750 ANANA","4","4","4","4","4","SIVIAR","8","","6"
"8143","VODKA SIVIAR  X 750 LIMON","4","4","4","4","4","SIVIAR","8","","6"
"8144","VODKA SIVIAR  X 750 DURAZNO","4","4","4","4","4","SIVIAR","8","","6"
"8145","VODKA SIVIAR  X 750 NARANJA","4","4","4","4","4","SIVIAR","8","","6"
"8146","VODKA SIVIAR  X 750 GUARANA","4","4","4","4","4","SIVIAR","8","","6"
"8147","VODKA SIVIAR  X 750 COMUN","4","4","4","4","4","SIVIAR","8","","6"
"8211","LICOR CUSENIER X 200 MENTA","2","2","2","2","2","CUSENIER","8","","1"
"8212","LICOR CUSENIER X 200 CAFE","2","2","2","2","2","CUSENIER","8","","1"
"8213","LICOR CUSENIER X 200 D. DE LECHE","2","2","2","2","2","CUSENIER","8","","1"
"8214","LICOR CUSENIER X 200 PINA CLINTON","2","2","2","2","2","CUSENIER","8","","1"
"8221","LICOR CUSENIER X 700 MENTA","7","7","7","7","7","CUSENIER","8","","1"
"8222","LICOR CUSENIER X 700 CAFE","7","7","7","7","7","CUSENIER","8","","1"
"8223","LICOR CUSENIER X 700 D. DE LECHE","7","7","7","7","7","CUSENIER","8","","1"
"8224","LICOR CUSENIER X 1 LT PINA CLINTON","8","8","8","8","8","CUSENIER","8","","1"
"9111","FRIZZE 6 X 750 BLANCO","31","31","31","31","31","FRIZZE","9","","1"
"9112","FRIZZE 6 X 750 ROJO","31","31","31","31","31","FRIZZE","9","","1"
"9113","FRIZZE 6 X 750 MELON","37","37","37","37","37","FRIZZE","9","","1"
"9114","FRIZZE 6 X 750 ANANA","37","37","37","37","37","FRIZZE","9","","1"
"9115","FRIZZE 6 X 750 CITRUS","37","37","37","37","37","FRIZZE","9","","1"
"9116","FRIZZE 6 X 750 DURAZNO","37","37","37","37","37","FRIZZE","9","","1"
"9117","FRIZZE 6 X 750 F. DEL BOSQUE","37","37","37","37","37","FRIZZE","9","","1"
"9118","FRIZZE 6 X 750 FRUTILLA","37","37","37","37","37","FRIZZE","9","","1"
"9211","CHAMP. MUMM CUEE X 750 EXT. BRUT","24","24","24","24","24","MUMM","9","","1"
"9212","CHAMP. MUMM CUEE X 750 DEMISEC","22","22","22","22","22","MUMM","9","","1"
"9311","CHAMP. COLON X 750 DEMISEC","10","10","10","10","10","COLON","9","","1"
"9312","CHAMP. COLON X 750 EXT. BRUT","10","10","10","10","10","COLON","9","","1"
"9511","CHAMP. GRAN CANCILLER X 750","14","14","14","14","14","CANCILLER","9","","1"
"9512","CHAMP. CANCILLER BRUT X 750","10","10","10","10","10","CANCILLER","9","","1"
"9513","CHAMP. CANCILLER E. BRUT X 750","10","10","10","10","10","CANCILLER","9","","1"
"9514","CHAMP. CANCILLER DEMISEC X 750","10","10","10","10","10","CANCILLER","9","","1"
"9411","FRIZANTE WISH X 750 BLANCO","9","9","9","9","9","WISK","9","","1"
"9711","SIDRA EL GAITERO 6X 910","17","17","17","17","17","EL GAITERO","9","","1"
"9721","ANANA FIZZ 6X750 EL GAITERO","18","18","18","18","18","EL GAITERO","9","","1"
"9722","FREZA 6X750 EL GAITERO","18","18","18","18","18","EL GAITERO","9","","1"
"10111","ENERG. VITALIZA 12 X 250","30","30","30","30","30","VITALIZA","10","","1"
"10211","ENERG. RED BULL 24 X 250","95","95","95","95","95","RED BULL","10","","1"
"3211","EXOCET 6 X 2 1/4 COLA","10","10","10","10","10","EXOCET","3","","6"
"3212","EXOCET 6 X 2 1/4 L. LIMON","10","10","10","10","10","EXOCET","3","","6"
"3213","EXOCET 6 X 2 1/4 NARANJ","10","10","10","10","10","EXOCET","3","","6"
"3214","EXOCET 6 X 2 1/4 GUARANA","10","10","10","10","10","EXOCET","3","","6"
"3215","EXOCET 6 X 2 1/4 POMELO","10","10","10","10","10","EXOCET","3","","6"
"3216","EXOCET 6 X 2 1/4 POM. ROSADO","10","10","10","10","10","EXOCET","3","","6"
"3217","EXOCET 6 X 2 1/4 LIMONADA","10","10","10","10","10","EXOCET","3","","6"
"9612","CHAMP. LA COLINA X 750 BRUT","6","6","6","6","6","LA COLINA","9","","1"
"5111","JUGO TEREX X 12 NARANJ","6","6","6","6","6","TEREREX","5","","1"
"5112","JUGO TEREX X 12 POMELO","6","6","6","6","6","TEREREX","5","","1"
"5113","JUGO TEREX X 12 MIX","6","6","6","6","6","TEREREX","5","","1"
"5114","JUGO TEREX X 12 LIMON","6","6","6","6","6","TEREREX","5","","1"
"21111","DIAMANTE 12X1 TINTO","28.35","28.35","28.35","28.35","28.35","DIAMANTE","2","","12"
"21112","DIAMANTE 12X1 ROSADO","35.7","35.7","35.7","35.7","35.7","DIAMANTE","2","","12"
"21113","DIAMANTE 12X1 BLANCO","55.35","55.35","55.35","55.35","55.35","DIAMANTE","2","","12"
"4111","SODA TUBITO 6 X 21/4","9","9","9","9","9","TUBITO","4","","6"
"4121","SODA TUBITO 6X1 1/2","8","8","8","8","8","TUBITO","4","","6"
"31210","FERNET TUBITO 6X1","15","15","15","15","15","TUBITO","3","","6"
"6113","V. DEL SUR 6 X 1 1/2 MANZANA","16","16","16","16","16","VILLA DEL SUR","6","","6"
"6114","V. DEL SUR 12 X 500 POMELO","19","19","19","19","19","VILLA DEL SUR","6","","12"
"6116","V. DEL SUR 12 X 500 NARANJA","19","19","19","19","19","VILLA DEL SUR","6","","12"
"6115","V. DEL SUR 12 X 500 MANZANA","19","19","19","19","19","VILLA DEL SUR","6","","12"
"4211","SODA BRIO 6 X 1750","19","19","19","19","19","BRIO","4","","6"
"6214","V.VICENCIO SPORT 12 X 750 AGUA","18","18","18","18","18","VILLA VICENCIO","6","","12"
"5411","JUGO TUBITO 6 X 1 NARANJA BAGUAL","10","10","10","10","10","BAGUAL","5","","6"
"3218","EXOCET 6 X 2 1/4 TUTIFRUTI","10","10","10","10","10","EXOCET","3","","6"
"5521","TUBITO SERRANO 6 X1","8","8","8","8","8","SERRANO","5","","6"
"2626","CANCILLER CHENIN X 3/4","65.7","65.7","65.7","65.7","65.7","CANCILLER","2","","1"
"71511","WHISKI BLACK JACK X 1 LT","13","13","13","13","13","BLACK JACK X 1 LT","7","","1"
"8225","LICOR CUSENIER X 700 DURAZ.","7","7","7","7","7","CUSENIER","8","","1"
"8231","LICOR 8 HERMANOS X 1 LT ANIS","11","11","11","11","11","CUSENIER","8","","1"
"7312","WHISKI ARIZONA 12 X 187","19","19","19","19","19","ARIZONA","7","","1"
"8226","TIA MARIA X 700 LT","20","20","20","20","20","CUSENIER","8","","1"
"21211","GRAFFIGNA CABERNET X 3/4","28.35","28.35","28.35","28.35","28.35","GRAFFIGNA","2","","1"
"21212","GRAFFIGNA MALVEC X 3/4","35.7","35.7","35.7","35.7","35.7","GRAFFIGNA","2","","1"
"21213","GRAFFIGNA SIRAH X 3/4","55.35","55.35","55.35","55.35","55.35","GRAFFIGNA","2","","1"
"21224","GRAFFIGNA CHARDONAY X 3/4","57.9","57.9","57.9","57.9","57.9","GRAFFIGNA","2","","1"
"21215","GRAFFIGNA X 3/4 135 ANIVERS.","91.8","91.8","91.8","91.8","91.8","GRAFFIGNA","2","","1"
"21216","AYRES DE CAFAYATE CABERNT X 750","65.7","65.7","65.7","65.7","65.7","GRAFFIGNA","2","","1"
"11121","BOTELLA X 3/4","1","1","1","1","1","BOTELLAS","11","","1"
"11131","CAJON PLASTICO DE CERVEZA","17","17","17","17","17","BOTELLAS","11","","1"
"6361","SER 6 X 1 1/2 NAR-MANDARINA","15","15","15","15","15","SER","6","","6"
"2134","NATIVO BLANCO PROMO X 1","57.9","57.9","57.9","57.9","57.9","NATIVO","2","","1"
"2114","NATIVO TINTO PROMO X 1","57.9","57.9","57.9","57.9","57.9","NATIVO","2","","1"
"2125","NATIVO ROSADO PROMO COMBO X 6","91.8","91.8","91.8","91.8","91.8","NATIVO","2","","25"
"2136","NATIVO X 1 BLANCO","65.7","65.7","65.7","65.7","65.7","NATIVO","2","","1"
"2124","NATIVO ROSADO PROMO X 1","57.9","57.9","57.9","57.9","57.9","NATIVO","2","","1"
"71631","SIVIAR AMERICANO X 1 LT","3","3","3","3","3","AMERICANO SIVIER X 1 LT","7","","1"
"6215","VILLA VCENCIO 24 X 500 S/G VIDRIO","25","25","25","25","25","VILLA VICENCIO","6","","24"
"6223","VILLA VICENCIO 24 X 500 C/G VIDRIO","25","25","25","25","25","VILLA VICENCIO","6","","24"
"11132","CAJON PLASTICO V.VICENCIO","11","11","11","11","11","BOTELLAS","11","","1"
"11141","BOTELLA X 500 V.VICENCIO","0","0","0","0","0","BOTELLAS","11","","1"
"2213","TORO TINTO 13 X 1 PROMO","55.35","55.35","55.35","55.35","55.35","TORO","2","","13"
"2223","TORO RDO 13 X 1 PROMO","55.35","55.35","55.35","55.35","55.35","TORO","2","","13"
"2233","TORO BLANCO 13 X 1 PROMO","55.35","55.35","55.35","55.35","55.35","TORO","2","","13"
"6363","SER NAR-MAND 12 X 500","19","19","19","19","19","SER","6","","12"
"12111","MOCHILA BUDWEISER","29","29","29","29","29","BUDWEISER","12","","1"
"2115","NATIVO TINTO PROMO COMBO X 6","91.8","91.8","91.8","91.8","91.8","NATIVO","2","","18"
"2135","NATIVO BLANCO PROMO COMBO X 6","91.8","91.8","91.8","91.8","91.8","NATIVO","2","","18"
"13111","PALLETS DE MADERA","18","18","18","18","18","VARIOS","13","","1"
"21021","COLON CHARDONAY X 3/4","28.35","28.35","28.35","28.35","28.35","COLON","2","","1"
"9213","CHAMP. MUMM CUEE X 187 EXTRA BRUT","5","5","5","5","5","MUMM","9","","12"
"12211","REMERA TUBITO X 1 CHICO (S)","8","8","8","8","8","TUBITO","12","","1"
"12212","REMERA TUB. X 1 MEDIANO (M)","8","8","8","8","8","TUBITO","12","","1"
"12213","REMERA TUBITO X 1 GRANDE (L)","8","8","8","8","8","TUBITO","12","","1"
"1314","SCHNEIDER LATA 24 X 355","43.42","43.42","43.42","43.42","43.42","SCHNEIDER","1","","24"
"13112","DIFERENCIA DE BONIFICACION","43","43","43","43","43","VARIOS","13","","1"
"1315","SCHNEIDER LATA 24 X 473","68.85","68.85","68.85","68.85","68.85","SCHNEIDER","1","","24"
"6124","V. SUR X 6 LTRS","5","5","5","5","5","VILLA DEL SUR","6","","6"
"5311","SER POLVO X 18 NARANJ","11","11","11","11","11","SER","5","","18"
"5312","SER POLVO X 18 MANZANA","11","11","11","11","11","SER","5","","1"
"1412","CORONA 12 X 710","26.77","26.77","26.77","26.77","26.77","CORONA","1","","1"
"9119","MUMM BRUT ROSE X 750","22","22","22","22","22","FRIZZE","9","","1"
"21214","GRAFFIGNA VINCULOS SIRAH-CABER. X  3/4","57.9","57.9","57.9","57.9","57.9","GRAFFIGNA","2","","1"
"21217","GRAFFIGNA MALVEC-SIRAH X 3/4","1.5","1.5","1.5","1.5","1.5","GRAFFIGNA","2","","1"
"2815","ESTANCIA MZA MALVEC ROBLE X 3/4","91.8","91.8","91.8","91.8","91.8","ESTANCIA DE MENDOZA","2","","1"
"9214","CHAMP. MUMM CUEE X 750 ROSE","27","27","27","27","27","MUMM","9","","1"
"21316","AYRES DE CAFAYATE MALVEC X 750","65.7","65.7","65.7","65.7","65.7","AYRES DE CAFAYATE","2","","1"
"5313","SER POLVO X 18 LIMON","11","11","11","11","11","SER","5","","1"
"61115","V. DEL SUR CON GAS POMELO 6 X 1 1/2","16","16","16","16","16","VILLA DEL SUR","6","","6"
"61116","V. DEL SUR CON GAS NAR. 6 X 1 1/2","16","16","16","16","16","VILLA DEL SUR","6","","6"
"61117","V. DEL SUR CON GAS MANZAN. 6 X 1 1/2","16","16","16","16","16","VILLA DEL SUR","6","","6"
"13113","FREEZER","0","0","0","0","0","VARIOS","13","","1"
"5314","SER POLVO X 18 NAR-DURAZ.","11","11","11","11","11","SER","5","","1"
"5315","SER POLVO X 18 POM. ROSADO","11","11","11","11","11","SER","5","","1"
"71312","CANA SIMPATICA 6 X 1 LT DESC.","20","20","20","20","20","SIMPATICA","7","","6"
"11113","BOTELLA X 1 LT","1","1","1","1","1","BOTELLAS","11","","1"
"71014","FERNET CAPRI X 750 CON VASO","8","8","8","8","8","CAPRI","7","","1"
"11114","FALTANTE BOTELLA","1","1","1","1","1","BOTELLAS","11","","1"
"7612","W. BLENDER. PRIDE X 1 LT CON VASO","22","22","22","22","22","BLENDERS PRIDE","7","","1"
"5316","SER POLVO X 18 MELON-MANZA","11","11","11","11","11","SER","5","","1"
"71112","FER. RAMAZZOTTI X 1 LT CON VASO","21","21","21","21","21","RAMAZZOTTI","7","","1"
"12112","PROMO SCHNEIDER X LITRO","0","0","0","0","0","BUDWEISER","12","","1"
"12113","COMBO SCHNEIDER X LITRO","0","0","0","0","0","BUDWEISER","12","","0"
"71015","FERNET CAPRI X 1 LT PROMO","8","8","8","8","8","CAPRI","7","","1"
"12114","PROMO SCHNEIDER X 1 LT PREMIO","0","0","0","0","0","BUDWEISER","12","","1"
"12115","COMBO SCHNEIDER X 12 LATAS 473","0","0","0","0","0","BUDWEISER","12","","12"
"61118","V. DEL SUR CON GAS NARANJ. 12 X 500","19","19","19","19","19","VILLA DEL SUR","6","","12"
"1116","VASO PROMO BUDWEISER","49.27","49.27","49.27","49.27","49.27","BUDWEISER","1","","1"
"13211","NO COMPRA","1","1","1","1","1","NO COMPRA","13","","1"
"13321","SIN FACTURA","1","1","1","1","1","SIN FACTURA","13","","1"
"1711","IMPERIAL 12 X 1","21.26","21.26","21.26","21.26","21.26","IMPERIAL","1","","12"
"1712","IMPERIAL 12 X 3/4","26.77","26.77","26.77","26.77","26.77","IMPERIAL","1","","12"
"1713","IMPERIAL 24 X 330 LOINECK","41.51","41.51","41.51","41.51","41.51","IMPERIAL","1","","24"
"1811","BIECKER 12 X 1","21.26","21.26","21.26","21.26","21.26","BIECKER","1","","12"
"1812","BIECKER 12 X 1 NEGRA","26.77","26.77","26.77","26.77","26.77","BIECKER","1","","12"
"1911","PALERMO 12 X 1","21.26","21.26","21.26","21.26","21.26","PALERMO","1","","12"
"1912","PALERMO 24 X 355 LATA","26.77","26.77","26.77","26.77","26.77","PALERMO","1","","24"
"4311","SODA WALKIKI 6 X 2","17","17","17","17","17","WALKIKI","4","","1"
"7113","DOBLE V 12 X 200","37","37","37","37","37","DOBLE V","7","","12"
"12214","TUBITO PROMO CUBIERTO","2","2","2","2","2","TUBITO","12","","1"
"12215","TUBITO PROMO PLATO","3","3","3","3","3","TUBITO","12","","1"
"4122","SODA 6 X350","1","1","1","1","1","TUBITO","4","","0"
"2721","LA COLINA CHENIN-CHARDONAY X 700","28.35","28.35","28.35","28.35","28.35","LA COLINA","2","","1"
"21013","COLON BEAUJOLAIS X 3/4","55.35","55.35","55.35","55.35","55.35","COLON","2","","1"
"71632","AMARGO SERRANO SIVIAR X 1LT","1","1","1","1","1","AMERICANO SIVIER X 1 LT","7","","1"
"1913","PALERMO PROMO DOCENA DE 13","41.51","41.51","41.51","41.51","41.51","PALERMO","1","","13"
"1117","BUDWEISER PROMO DOC. DE 13","1.12","1.12","1.12","1.12","1.12","BUDWEISER","1","","12"
"81110","LICOR SIVIAR X 187 D. DE LECHE SIN CARGO","0","0","0","0","0","SIVIAR","8","","1"
"81116","LICOR SIVIAR X 187 MENTA SIN CARGO","0","0","0","0","0","SIVIAR","8","","1"
"81111","	LICOR SIVIAR 12 X 187 CHOCOL.","0","0","0","0","0","SIVIAR","8","","1"
"81112","LICOR SIVIAR X 187 ARGENT.","0","0","0","0","0","SIVIAR","8","","1"
"12116","PROMO BUDW. VALE OTRA X 1 LT","0","0","0","0","0","BUDWEISER","12","","1"
"6343","SER SPORT 6X600 NARANJA","16","16","16","16","16","SER","6","","6"
"6344","SER SPORT 6X600 MANZANA","16","16","16","16","16","SER","6","","6"
"6345","SER SPORT 6X600 MANDARINA","16","16","16","16","16","SER","6","","6"
"6346","SER SPORT 6X600 POMELO ROS.","16","16","16","16","16","SER","6","","6"
"5621","TUBITO AMARGO CUYANO X 1 LT","0","0","0","0","0","CUYANO","5","","1"
"12117","PROMO BUDW. VALE OTRA X 1 LT PREMIO","1.12","1.12","1.12","1.12","1.12","HEINEKEN","1","","1"
"13115","FRIZZE REMERA","4","4","4","4","4","VARIOS","13","","1"
"13114","FRIZZER GORRA","4","4","4","4","4","VARIOS","13","","1"
"12118","BOTELLA DE BUD X 1 LT S/C","0","0","0","0","0","BUDWEISER","12","","1"
"8227","HIRAN WALKER VODKA X 750","8","8","8","8","8","CUSENIER","8","","1"
"5115","SOBRE DE TEREX X 18 S/C","0","0","0","0","0","TEREREX","5","","1"
"5413","JUGO TUBITO 6 X 1 POMEL. BAGUAL","10","10","10","10","10","BAGUAL","5","","6"
"13116","BIDON ROUNDUP FULL II X 20LTS.","496","496","496","496","496","VARIOS","13","","1"
"13117","ESTUCHE VINO CANCILLER X 750","2","2","2","2","2","VARIOS","13","","1"
"13118","FRAPERA DE PLAST. CANCILLER","11","11","11","11","11","VARIOS","13","","1"
"13119","FRAPERA DE PLAST. EST. MENDOZA","11","11","11","11","11","VARIOS","13","","1"
"9713","SIDRA LA PARRANDA 6 X 750","24","24","24","24","24","EL GAITERO","9","","1"
"2111","NATIVO 8 X 1 TINTO","0","0","0","0","0","NATIVO","2","","8"
"61118","V. DEL SUR CON GAS NARANJ. 12 X 500","0","0","0","0","0","VILLA DEL SUR","6","","12"
"12117","PROMO BUDW. VALE OTRA X 1 LT PREMIO","1.11","1.11","1.11","1.11","1.11","HEINEKEN","1","","1"
"61117","V. DEL SUR CON GAS MANZAN. 6 X 1 1/2","0","0","0","0","0","VILLA DEL SUR","6","","6"
"81116","LICOR SIVIAR X 187 MENTA SIN CARGO","0","0","0","0","0","SIVIAR","8","","1"
"61116","V. DEL SUR CON GAS NAR. 6 X 1 1/2","0","0","0","0","0","VILLA DEL SUR","6","","6"
"61115","V. DEL SUR CON GAS POMELO 6 X 1 1/2","0","0","0","0","0","VILLA DEL SUR","6","","6"
"81112","LICOR SIVIAR X 187 ARGENT.","0","0","0","0","0","SIVIAR","8","","1"
"81111","	LICOR SIVIAR 12 X 187 CHOCOL.","0","0","0","0","0","SIVIAR","8","","1"
"31210","FERNET TUBITO 6X1","0","0","0","0","0","TUBITO","3","","6"
"81110","LICOR SIVIAR X 187 D. DE LECHE SIN CARGO","0","0","0","0","0","SIVIAR","8","","1"
"3139","TUBITO 6 X 350 LIMONADA","0","0","0","0","0","TUBITO","3","","6"
"8129","LICOR SIVIAR  X 750 ANIS","0","0","0","0","0","SIVIAR","8","","1"
"3129","TUBITO 6 X 1 LIMONADA","0","0","0","0","0","TUBITO","3","","6"
"13119","FRAPERA DE PLAST. EST. MENDOZA","0","0","0","0","0","VARIOS","13","","1"
"9119","MUMM BRUT ROSE X 750","0","0","0","0","0","FRIZZE","9","","1"
"8119","LICOR SIVIAR 12 X 187 ANIS","0","0","0","0","0","SIVIAR","8","","1"
"3119","TUBITO 6 X 2 1/4 LIMONADA","0","0","0","0","0","TUBITO","3","","6"
"3138","TUBITO 6 X 350 GRANADINA","0","0","0","0","0","TUBITO","3","","6"
"8128","LICOR SIVIAR  X 750 DULCE DE LECHE","0","0","0","0","0","SIVIAR","8","","1"
"3128","TUBITO 6 X 1 GRANADINA","0","0","0","0","0","TUBITO","3","","6"
"5218","JUGO FARNEDA 6 X 500 COLA","0","0","0","0","0","FARNEDA","5","","6"
"3218","EXOCET 6 X 2 1/4 TUTIFRUTI","0","0","0","0","0","EXOCET","3","","6"
"13118","FRAPERA DE PLAST. CANCILLER","0","0","0","0","0","VARIOS","13","","1"
"12118","BOTELLA DE BUD X 1 LT S/C","0","0","0","0","0","BUDWEISER","12","","1"
"9118","FRIZZE 6 X 750 FRUTILLA","0","0","0","0","0","FRIZZE","9","","1"
"8118","LICOR SIVIAR 12 X 187 D. DE LECHE","0","0","0","0","0","SIVIAR","8","","1"
"3118","TUBITO 6 X 2 1/4 GRANADINA","0","0","0","0","0","TUBITO","3","","6"
"1111","BUDWEISER 12 X 1","0","0","0","0","0","BUDWEISER","1","","12"
"8147","VODKA SIVIAR  X 750 COMUN","0","0","0","0","0","SIVIAR","8","","6"
"3137","TUBITO 6 X 350 UVA","0","0","0","0","0","TUBITO","3","","6"
"8227","HIRAN WALKER VODKA X 750","0","0","0","0","0","CUSENIER","8","","1"
"8127","PINA COLADA SIVIAR X 750","0","0","0","0","0","SIVIAR","8","","1"
"3127","TUBITO 6 X 1 UVA","0","0","0","0","0","TUBITO","3","","6"
"21217","GRAFFIGNA MALVEC-SIRAH X 3/4","1.3","1.3","1.3","1.3","1.3","GRAFFIGNA","2","","1"
"2317","TORO V.  6  X 1250 TORRONTES","1.3","1.3","1.3","1.3","1.3","TORO VIEJO","2","","6"
"5217","JUGO FARNEDA 6 X 500 GRANAD","0","0","0","0","0","FARNEDA","5","","6"
"3217","EXOCET 6 X 2 1/4 LIMONADA","0","0","0","0","0","EXOCET","3","","6"
"13117","ESTUCHE VINO CANCILLER X 750","0","0","0","0","0","VARIOS","13","","1"
"9117","FRIZZE 6 X 750 F. DEL BOSQUE","0","0","0","0","0","FRIZZE","9","","1"
"8117","PINA COLADA SIVIAR 12 X 187","0","0","0","0","0","SIVIAR","8","","1"
"3117","TUBITO 6 X 2 1/4 UVA","0","0","0","0","0","TUBITO","3","","6"
"1117","BUDWEISER PROMO DOC. DE 13","1.11","1.11","1.11","1.11","1.11","BUDWEISER","1","","12"
"6346","SER SPORT 6X600 POMELO ROS.","0","0","0","0","0","SER","6","","6"
"8146","VODKA SIVIAR  X 750 GUARANA","0","0","0","0","0","SIVIAR","8","","6"
"3136","TUBITO 6 X 350 ORO","0","0","0","0","0","TUBITO","3","","6"
"2136","NATIVO X 1 BLANCO","56.94","56.94","56.94","56.94","56.94","NATIVO","2","","1"
"2626","CANCILLER CHENIN X 3/4","56.94","56.94","56.94","56.94","56.94","CANCILLER","2","","1"
"8226","TIA MARIA X 700 LT","0","0","0","0","0","CUSENIER","8","","1"
"8126","LICOR SIVIAR  X 750 MENTA","0","0","0","0","0","SIVIAR","8","","1"
"3126","TUBITO 6 X 1 POMELO ROSADO","0","0","0","0","0","TUBITO","3","","6"
"21316","AYRES DE CAFAYATE MALVEC X 750","56.94","56.94","56.94","56.94","56.94","AYRES DE CAFAYATE","2","","1"
"21216","AYRES DE CAFAYATE CABERNT X 750","56.94","56.94","56.94","56.94","56.94","GRAFFIGNA","2","","1"
"5316","SER POLVO X 18 MELON-MANZA","0","0","0","0","0","SER","5","","1"
"2316","TORO V. SIRAK 6  X 1250 TTO","56.94","56.94","56.94","56.94","56.94","TORO VIEJO","2","","6"
"5216","JUGO FARNEDA 6 X 500 DURAZNO","0","0","0","0","0","FARNEDA","5","","6"
"3216","EXOCET 6 X 2 1/4 POM. ROSADO","0","0","0","0","0","EXOCET","3","","6"
"1216","HEINEKEN. LOINECK 24 X 330","48.62","48.62","48.62","48.62","48.62","HEINEKEN","1","","24"
"13116","BIDON ROUNDUP FULL II X 20LTS.","0","0","0","0","0","VARIOS","13","","1"
"12116","PROMO BUDW. VALE OTRA X 1 LT","0","0","0","0","0","BUDWEISER","12","","1"
"9116","FRIZZE 6 X 750 DURAZNO","0","0","0","0","0","FRIZZE","9","","1"
"8116","LICOR SIVIAR 12 X 187 MENTA","0","0","0","0","0","SIVIAR","8","","1"
"6116","V. DEL SUR 12 X 500 NARANJA","0","0","0","0","0","VILLA DEL SUR","6","","12"
"3116","TUBITO 6 X 2 1/4 POMELO ROSADO","0","0","0","0","0","TUBITO","3","","6"
"1116","VASO PROMO BUDWEISER","48.62","48.62","48.62","48.62","48.62","BUDWEISER","1","","1"
"6345","SER SPORT 6X600 MANDARINA","0","0","0","0","0","SER","6","","6"
"8145","VODKA SIVIAR  X 750 NARANJA","0","0","0","0","0","SIVIAR","8","","6"
"3135","TUBITO 6 X 350 POMELO","0","0","0","0","0","TUBITO","3","","6"
"2135","NATIVO BLANCO PROMO COMBO X 6","79.56","79.56","79.56","79.56","79.56","NATIVO","2","","18"
"8225","LICOR CUSENIER X 700 DURAZ.","0","0","0","0","0","CUSENIER","8","","1"
"8125","LICOR SIVIAR X 750 FRUTILLA","0","0","0","0","0","SIVIAR","8","","1"
"3125","TUBITO 6 X 1 POMELO","0","0","0","0","0","TUBITO","3","","6"
"2125","NATIVO ROSADO PROMO COMBO X 6","79.56","79.56","79.56","79.56","79.56","NATIVO","2","","25"
"21215","GRAFFIGNA X 3/4 135 ANIVERS.","79.56","79.56","79.56","79.56","79.56","GRAFFIGNA","2","","1"
"71015","FERNET CAPRI X 1 LT PROMO","0","0","0","0","0","CAPRI","7","","1"
"2815","ESTANCIA MZA MALVEC ROBLE X 3/4","79.56","79.56","79.56","79.56","79.56","ESTANCIA DE MENDOZA","2","","1"
"2615","CANCILLER CABERNET X 1500","79.56","79.56","79.56","79.56","79.56","CANCILLER","2","","1"
"5315","SER POLVO X 18 POM. ROSADO","0","0","0","0","0","SER","5","","1"
"2315","TORO SIRAK 6 X 3/4 TINTO","79.56","79.56","79.56","79.56","79.56","TORO VIEJO","2","","6"
"1315","SCHNEIDER LATA 24 X 473","67.93","67.93","67.93","67.93","67.93","SCHNEIDER","1","","24"
"12215","TUBITO PROMO PLATO","0","0","0","0","0","TUBITO","12","","1"
"6215","VILLA VCENCIO 24 X 500 S/G VIDRIO","0","0","0","0","0","VILLA VICENCIO","6","","24"
"5215","JUGO FARNEDA 6 X 500 FRUTILLA","0","0","0","0","0","FARNEDA","5","","6"
"3215","EXOCET 6 X 2 1/4 POMELO","0","0","0","0","0","EXOCET","3","","6"
"1215","HEINEKEN LATA 24X473","67.93","67.93","67.93","67.93","67.93","HEINEKEN","1","","24"
"13115","FRIZZE REMERA","0","0","0","0","0","VARIOS","13","","1"
"12115","COMBO SCHNEIDER X 12 LATAS 473","0","0","0","0","0","BUDWEISER","12","","12"
"9115","FRIZZE 6 X 750 CITRUS","0","0","0","0","0","FRIZZE","9","","1"
"8115","LICOR SIVIAR 12 X 187 FRUTILLA","0","0","0","0","0","SIVIAR","8","","1"
"6115","V. DEL SUR 12 X 500 MANZANA","0","0","0","0","0","VILLA DEL SUR","6","","12"
"5115","SOBRE DE TEREX X 18 S/C","0","0","0","0","0","TEREREX","5","","1"
"3115","TUBITO 6 X 2 1/4 POMELO","0","0","0","0","0","TUBITO","3","","6"
"2115","NATIVO TINTO PROMO COMBO X 6","79.56","79.56","79.56","79.56","79.56","NATIVO","2","","18"
"1115","BUD. LOINECK  24 X 355","67.93","67.93","67.93","67.93","67.93","BUDWEISER","1","","24"
"6344","SER SPORT 6X600 MANZANA","0","0","0","0","0","SER","6","","6"
"8144","VODKA SIVIAR  X 750 DURAZNO","0","0","0","0","0","SIVIAR","8","","6"
"3134","TUBITO 6 X 350 GUARANA","0","0","0","0","0","TUBITO","3","","6"
"2134","NATIVO BLANCO PROMO X 1","50.18","50.18","50.18","50.18","50.18","NATIVO","2","","1"
"21224","GRAFFIGNA CHARDONAY X 3/4","50.18","50.18","50.18","50.18","50.18","GRAFFIGNA","2","","1"
"8224","LICOR CUSENIER X 1 LT PINA CLINTON","0","0","0","0","0","CUSENIER","8","","1"
"8124","LICOR SIVIAR  X 750 DURAZ.","0","0","0","0","0","SIVIAR","8","","1"
"6124","V. SUR X 6 LTRS","0","0","0","0","0","VILLA DEL SUR","6","","6"
"3124","TUBITO 6 X 1 GUARANA","0","0","0","0","0","TUBITO","3","","6"
"2124","NATIVO ROSADO PROMO X 1","50.18","50.18","50.18","50.18","50.18","NATIVO","2","","1"
"21214","GRAFFIGNA VINCULOS SIRAH-CABER. X  3/4","50.18","50.18","50.18","50.18","50.18","GRAFFIGNA","2","","1"
"71014","FERNET CAPRI X 750 CON VASO","0","0","0","0","0","CAPRI","7","","1"
"2814","ESTANCIA MZA CABERNET X 3/4","50.18","50.18","50.18","50.18","50.18","ESTANCIA DE MENDOZA","2","","1"
"2614","CANCILLER MALVEC X 1500","50.18","50.18","50.18","50.18","50.18","CANCILLER","2","","1"
"9514","CHAMP. CANCILLER DEMISEC X 750","0","0","0","0","0","CANCILLER","9","","1"
"5314","SER POLVO X 18 NAR-DURAZ.","0","0","0","0","0","SER","5","","1"
"2314","TORO V. LACRADO 6 X 3/4","50.18","50.18","50.18","50.18","50.18","TORO VIEJO","2","","6"
"1314","SCHNEIDER LATA 24 X 355","42.85","42.85","42.85","42.85","42.85","SCHNEIDER","1","","24"
"12214","TUBITO PROMO CUBIERTO","0","0","0","0","0","TUBITO","12","","1"
"9214","CHAMP. MUMM CUEE X 750 ROSE","0","0","0","0","0","MUMM","9","","1"
"8214","LICOR CUSENIER X 200 PINA CLINTON","0","0","0","0","0","CUSENIER","8","","1"
"6214","V.VICENCIO SPORT 12 X 750 AGUA","0","0","0","0","0","VILLA VICENCIO","6","","12"
"5214","JUGO FARNEDA 6 X 500 ANANA","0","0","0","0","0","FARNEDA","5","","6"
"3214","EXOCET 6 X 2 1/4 GUARANA","0","0","0","0","0","EXOCET","3","","6"
"1214","HINEKEN LATA 24 X 350","42.85","42.85","42.85","42.85","42.85","HEINEKEN","1","","24"
"13114","FRIZZER GORRA","0","0","0","0","0","VARIOS","13","","1"
"12114","PROMO SCHNEIDER X 1 LT PREMIO","0","0","0","0","0","BUDWEISER","12","","1"
"11114","FALTANTE BOTELLA","0","0","0","0","0","BOTELLAS","11","","1"
"9114","FRIZZE 6 X 750 ANANA","0","0","0","0","0","FRIZZE","9","","1"
"8114","LICOR SIVIAR 12  X 187 DURAZ.","0","0","0","0","0","SIVIAR","8","","1"
"6114","V. DEL SUR 12 X 500 POMELO","0","0","0","0","0","VILLA DEL SUR","6","","12"
"5114","JUGO TEREX X 12 LIMON","0","0","0","0","0","TEREREX","5","","1"
"3114","TUBITO 6 X 2 1/4 GUARANA","0","0","0","0","0","TUBITO","3","","6"
"2114","NATIVO TINTO PROMO X 1","50.18","50.18","50.18","50.18","50.18","NATIVO","2","","1"
"1114","BUD LATA 24 X 355","42.85","42.85","42.85","42.85","42.85","BUDWEISER","1","","24"
"6363","SER NAR-MAND 12 X 500","0","0","0","0","0","SER","6","","12"
"6343","SER SPORT 6X600 NARANJA","0","0","0","0","0","SER","6","","6"
"8143","VODKA SIVIAR  X 750 LIMON","0","0","0","0","0","SIVIAR","8","","6"
"6333","SER 12 X 500 CITRUS","0","0","0","0","0","SER","6","","12"
"2233","TORO BLANCO 13 X 1 PROMO","47.97","47.97","47.97","47.97","47.97","TORO","2","","13"
"3133","TUBITO 6 X 350 NARANJA","0","0","0","0","0","TUBITO","3","","6"
"2133","NATIVO 12 X 1 BLANCO","47.97","47.97","47.97","47.97","47.97","NATIVO","2","","12"
"6323","SER 12 X 500 L.LIMON","0","0","0","0","0","SER","6","","12"
"8223","LICOR CUSENIER X 700 D. DE LECHE","0","0","0","0","0","CUSENIER","8","","1"
"6223","VILLA VICENCIO 24 X 500 C/G VIDRIO","0","0","0","0","0","VILLA VICENCIO","6","","24"
"2223","TORO RDO 13 X 1 PROMO","47.97","47.97","47.97","47.97","47.97","TORO","2","","13"
"8123","LICOR SIVIAR  X 750 CAFE","0","0","0","0","0","SIVIAR","8","","1"
"6123","V. DEL SUR 12 X 750 AGUA","0","0","0","0","0","VILLA DEL SUR","6","","12"
"3123","TUBITO 6 X 1 NARANJ.","0","0","0","0","0","TUBITO","3","","6"
"2123","NATIVO 12 X 1 ROSADO","47.97","47.97","47.97","47.97","47.97","NATIVO","2","","12"
"21213","GRAFFIGNA SIRAH X 3/4","47.97","47.97","47.97","47.97","47.97","GRAFFIGNA","2","","1"
"21113","DIAMANTE 12X1 BLANCO","47.97","47.97","47.97","47.97","47.97","DIAMANTE","2","","12"
"71013","FERNET CAPRI X 200","0","0","0","0","0","CAPRI","7","","1"
"21013","COLON BEAUJOLAIS X 3/4","47.97","47.97","47.97","47.97","47.97","COLON","2","","1"
"1913","PALERMO PROMO DOCENA DE 13","40.96","40.96","40.96","40.96","40.96","PALERMO","1","","13"
"2813","ESTANCIA MZA MALVEC X 3/4","47.97","47.97","47.97","47.97","47.97","ESTANCIA DE MENDOZA","2","","1"
"9713","SIDRA LA PARRANDA 6 X 750","0","0","0","0","0","EL GAITERO","9","","1"
"1713","IMPERIAL 24 X 330 LOINECK","40.96","40.96","40.96","40.96","40.96","IMPERIAL","1","","24"
"2613","CANCILLER MERLOT X 3/4","47.97","47.97","47.97","47.97","47.97","CANCILLER","2","","1"
"9513","CHAMP. CANCILLER E. BRUT X 750","0","0","0","0","0","CANCILLER","9","","1"
"5413","JUGO TUBITO 6 X 1 POMEL. BAGUAL","0","0","0","0","0","BAGUAL","5","","6"
"2413","TORITO 6 X 3/4 BLANCO","47.97","47.97","47.97","47.97","47.97","TORITO","2","","6"
"6313","SER 12 X 500 NAR-DUR","0","0","0","0","0","SER","6","","12"
"5313","SER POLVO X 18 LIMON","0","0","0","0","0","SER","5","","1"
"2313","TORO VIEJO 6 X 3/4 BLANCO","47.97","47.97","47.97","47.97","47.97","TORO VIEJO","2","","6"
"1313","SCHNEIDER LOINECK 24 X 355","40.96","40.96","40.96","40.96","40.96","SCHNEIDER","1","","24"
"12213","REMERA TUBITO X 1 GRANDE (L)","0","0","0","0","0","TUBITO","12","","1"
"9213","CHAMP. MUMM CUEE X 187 EXTRA BRUT","0","0","0","0","0","MUMM","9","","12"
"8213","LICOR CUSENIER X 200 D. DE LECHE","0","0","0","0","0","CUSENIER","8","","1"
"6213","VILLAVICENCIO 12 X 500 SIN GAS","0","0","0","0","0","VILLA VICENCIO","6","","12"
"5213","JUGO FARNEDA 6 X 500 POMEL","0","0","0","0","0","FARNEDA","5","","6"
"3213","EXOCET 6 X 2 1/4 NARANJ","0","0","0","0","0","EXOCET","3","","6"
"2213","TORO TINTO 13 X 1 PROMO","47.97","47.97","47.97","47.97","47.97","TORO","2","","13"
"1213","HEINEKEN 6 X 1","40.96","40.96","40.96","40.96","40.96","HEINEKEN","1","","6"
"13113","FREEZER","0","0","0","0","0","VARIOS","13","","1"
"12113","COMBO SCHNEIDER X LITRO","0","0","0","0","0","BUDWEISER","12","","0"
"11113","BOTELLA X 1 LT","0","0","0","0","0","BOTELLAS","11","","1"
"9113","FRIZZE 6 X 750 MELON","0","0","0","0","0","FRIZZE","9","","1"
"8113","LICOR SIVIAR 12 X 187 CAFE","0","0","0","0","0","SIVIAR","8","","1"
"7113","DOBLE V 12 X 200","0","0","0","0","0","DOBLE V","7","","12"
"6113","V. DEL SUR 6 X 1 1/2 MANZANA","0","0","0","0","0","VILLA DEL SUR","6","","6"
"5113","JUGO TEREX X 12 MIX","0","0","0","0","0","TEREREX","5","","1"
"3113","TUBITO 6 X 2 1/4 NARANJA","0","0","0","0","0","TUBITO","3","","6"
"2113","NATIVO 12 X 1 TINTO","47.97","47.97","47.97","47.97","47.97","NATIVO","2","","12"
"1113","BUDWEISER 6 X 1","40.96","40.96","40.96","40.96","40.96","BUDWEISER","1","","6"
"6352","SER VIDACTIV 12 X 715 NAR-POM","0","0","0","0","0","SER","6","","12"
"8142","VODKA SIVIAR  X 750 ANANA","0","0","0","0","0","SIVIAR","8","","6"
"71632","AMARGO SERRANO SIVIAR X 1LT","0","0","0","0","0","AMERICANO SIVIER X 1 LT","7","","1"
"6332","SER 6 X 1 1/2 CITRUS","0","0","0","0","0","SER","6","","6"
"2232","TORO 8 X 1 BLANCO","30.94","30.94","30.94","30.94","30.94","TORO","2","","8"
"11132","CAJON PLASTICO V.VICENCIO","0","0","0","0","0","BOTELLAS","11","","1"
"3132","TUBITO 6 X 350 L. LIMON","0","0","0","0","0","TUBITO","3","","6"
"2132","NATIVO 6 X 3/4 BLANCO","30.94","30.94","30.94","30.94","30.94","NATIVO","2","","6"
"2822","ESTANCIA MZA CHARDONAY X 3/4","30.94","30.94","30.94","30.94","30.94","ESTANCIA DE MENDOZA","2","","1"
"9722","FREZA 6X750 EL GAITERO","0","0","0","0","0","EL GAITERO","9","","1"
"6322","SER 6 X 1 1/2 L.LIMON","0","0","0","0","0","SER","6","","6"
"8222","LICOR CUSENIER X 700 CAFE","0","0","0","0","0","CUSENIER","8","","1"
"6222","VILLAVICENCIO 12 X 500 CON GAS","0","0","0","0","0","VILLA VICENCIO","6","","12"
"2222","TORO 8 X 1 ROSADO","30.94","30.94","30.94","30.94","30.94","TORO","2","","8"
"8122","LICOR SIVIAR X 750 ARGETINO","0","0","0","0","0","SIVIAR","8","","1"
"6122","V. DEL SUR 6 X 1 1/2 AGUA","0","0","0","0","0","VILLA DEL SUR","6","","6"
"4122","SODA 6 X350","0","0","0","0","0","TUBITO","4","","0"
"3122","TUBITO 6 X 1 LIMA LIMON","0","0","0","0","0","TUBITO","3","","6"
"2122","NATIVO 6 X 3/4 ROSADO","30.94","30.94","30.94","30.94","30.94","NATIVO","2","","6"
"71312","CANA SIMPATICA 6 X 1 LT DESC.","0","0","0","0","0","SIMPATICA","7","","6"
"71212","FERNET SIVIAR 12 X 187","0","0","0","0","0","SIVIAR","7","","1"
"21212","GRAFFIGNA MALVEC X 3/4","30.94","30.94","30.94","30.94","30.94","GRAFFIGNA","2","","1"
"71112","FER. RAMAZZOTTI X 1 LT CON VASO","0","0","0","0","0","RAMAZZOTTI","7","","1"
"21112","DIAMANTE 12X1 ROSADO","30.94","30.94","30.94","30.94","30.94","DIAMANTE","2","","12"
"71012","FERNET CAPRI X 450","0","0","0","0","0","CAPRI","7","","1"
"21012","COLON CABERNET X 3/4","30.94","30.94","30.94","30.94","30.94","COLON","2","","1"
"1912","PALERMO 24 X 355 LATA","26.42","26.42","26.42","26.42","26.42","PALERMO","1","","24"
"2812","ESTANCIA MZA CABER-MERLOT X 3/4","30.94","30.94","30.94","30.94","30.94","ESTANCIA DE MENDOZA","2","","1"
"1812","BIECKER 12 X 1 NEGRA","26.42","26.42","26.42","26.42","26.42","BIECKER","1","","12"
"1712","IMPERIAL 12 X 3/4","26.42","26.42","26.42","26.42","26.42","IMPERIAL","1","","12"
"9612","CHAMP. LA COLINA X 750 BRUT","0","0","0","0","0","LA COLINA","9","","1"
"7612","W. BLENDER. PRIDE X 1 LT CON VASO","0","0","0","0","0","BLENDERS PRIDE","7","","1"
"2612","CANCILLER CABERNET X 3/4","30.94","30.94","30.94","30.94","30.94","CANCILLER","2","","1"
"9512","CHAMP. CANCILLER BRUT X 750","0","0","0","0","0","CANCILLER","9","","1"
"2412","TORITO 6 X 3/4 ROSADO","30.94","30.94","30.94","30.94","30.94","TORITO","2","","6"
"1412","CORONA 12 X 710","26.42","26.42","26.42","26.42","26.42","CORONA","1","","1"
"9312","CHAMP. COLON X 750 EXT. BRUT","0","0","0","0","0","COLON","9","","1"
"7312","WHISKI ARIZONA 12 X 187","0","0","0","0","0","ARIZONA","7","","1"
"6312","SER 6 X 1 1/2 NAR-DURAZNO","0","0","0","0","0","SER","6","","6"
"5312","SER POLVO X 18 MANZANA","0","0","0","0","0","SER","5","","1"
"2312","TORO VIEJO 6 X 3/4 ROSADO","30.94","30.94","30.94","30.94","30.94","TORO VIEJO","2","","6"
"1312","SCHNEIDER 12 X 1 NEGRA","26.42","26.42","26.42","26.42","26.42","SCHNEIDER","1","","12"
"12212","REMERA TUB. X 1 MEDIANO (M)","0","0","0","0","0","TUBITO","12","","1"
"9212","CHAMP. MUMM CUEE X 750 DEMISEC","0","0","0","0","0","MUMM","9","","1"
"8212","LICOR CUSENIER X 200 CAFE","0","0","0","0","0","CUSENIER","8","","1"
"6212","VILLAVICENCIO 6 X 1 1/2 S/G","0","0","0","0","0","VILLA VICENCIO","6","","6"
"5212","JUGO FARNEDA 6 X 500 MAND","0","0","0","0","0","FARNEDA","5","","6"
"3212","EXOCET 6 X 2 1/4 L. LIMON","0","0","0","0","0","EXOCET","3","","6"
"2212","TORO 8  X 1 TINTO","30.94","30.94","30.94","30.94","30.94","TORO","2","","8"
"1212","HEINEKEN 12 X 650","26.42","26.42","26.42","26.42","26.42","HEINEKEN","1","","12"
"13112","DIFERENCIA DE BONIFICACION","0","0","0","0","0","VARIOS","13","","1"
"12112","PROMO SCHNEIDER X LITRO","0","0","0","0","0","BUDWEISER","12","","1"
"9112","FRIZZE 6 X 750 ROJO","0","0","0","0","0","FRIZZE","9","","1"
"8112","LICOR SIVIAR 12 X 187 ARGENT.","0","0","0","0","0","SIVIAR","8","","1"
"6112","V. DEL SUR NARANJA 6 X 1 1/2","0","0","0","0","0","VILLA DEL SUR","6","","6"
"5112","JUGO TEREX X 12 POMELO","0","0","0","0","0","TEREREX","5","","1"
"3112","TUBITO 6 X 2 1/4 LIMA LIMON","0","0","0","0","0","TUBITO","3","","6"
"2112","NATIVO 6 X 3/4 TINTO","30.94","30.94","30.94","30.94","30.94","NATIVO","2","","6"
"1112","BUDWEISER 12 X 650","26.42","26.42","26.42","26.42","26.42","BUDWEISER","1","","12"
"6361","SER 6 X 1 1/2 NAR-MANDARINA","0","0","0","0","0","SER","6","","6"
"6351","SER VIDACTIV 6 X 1 1/2 NAR-POM","0","0","0","0","0","SER","6","","6"
"11141","BOTELLA X 500 V.VICENCIO","0","0","0","0","0","BOTELLAS","11","","1"
"8141","VODKA SIVIAR  X 750 FRUTILLA","0","0","0","0","0","SIVIAR","8","","6"
"71631","SIVIAR AMERICANO X 1 LT","0","0","0","0","0","AMERICANO SIVIER X 1 LT","7","","1"
"6331","SER 6 X 2 CITRUS","0","0","0","0","0","SER","6","","6"
"8231","LICOR 8 HERMANOS X 1 LT ANIS","0","0","0","0","0","CUSENIER","8","","1"
"2231","TORO 12 X 1 BLANCO","24.57","24.57","24.57","24.57","24.57","TORO","2","","12"
"11131","CAJON PLASTICO DE CERVEZA","0","0","0","0","0","BOTELLAS","11","","1"
"3131","TUBITO 6 X 350 COLA","0","0","0","0","0","TUBITO","3","","6"
"2131","NATIVO 8 X 1 BLANCO","24.57","24.57","24.57","24.57","24.57","NATIVO","2","","8"
"21021","COLON CHARDONAY X 3/4","24.57","24.57","24.57","24.57","24.57","COLON","2","","1"
"2921","TORO PRISMA 6 X 750 TORR","24.57","24.57","24.57","24.57","24.57","TORO PRISMA","2","","6"
"2821","ESTANCIA MZA CHENIN-CHARD X 3/4","24.57","24.57","24.57","24.57","24.57","ESTANCIA DE MENDOZA","2","","1"
"9721","ANANA FIZZ 6X750 EL GAITERO","0","0","0","0","0","EL GAITERO","9","","1"
"2721","LA COLINA CHENIN-CHARDONAY X 700","24.57","24.57","24.57","24.57","24.57","LA COLINA","2","","1"
"5621","TUBITO AMARGO CUYANO X 1 LT","0","0","0","0","0","CUYANO","5","","1"
"5521","TUBITO SERRANO 6 X1","0","0","0","0","0","SERRANO","5","","6"
"13321","SIN FACTURA","0","0","0","0","0","SIN FACTURA","13","","1"
"6321","SER 6 X 2 L.LIMON","0","0","0","0","0","SER","6","","6"
"8221","LICOR CUSENIER X 700 MENTA","0","0","0","0","0","CUSENIER","8","","1"
"6221","V. VICENCIO 6 X 1 1/2 GASIFICADO","0","0","0","0","0","VILLA VICENCIO","6","","6"
"2221","TORO 12 X 1 ROSADO","24.57","24.57","24.57","24.57","24.57","TORO","2","","12"
"11121","BOTELLA X 3/4","0","0","0","0","0","BOTELLAS","11","","1"
"8121","LICOR SIVIAR  X 750 CHOCOL.","0","0","0","0","0","SIVIAR","8","","1"
"6121","V. DEL SUR AGUA 6 X 2 1/4","0","0","0","0","0","VILLA DEL SUR","6","","6"
"4121","SODA TUBITO 6X1 1/2","0","0","0","0","0","TUBITO","4","","6"
"3121","TUBITO 6 X 1 COLA","0","0","0","0","0","TUBITO","3","","6"
"2121","NATIVO 8 X 1 ROSADO","24.57","24.57","24.57","24.57","24.57","NATIVO","2","","8"
"71511","WHISKI BLACK JACK X 1 LT","0","0","0","0","0","BLACK JACK X 1 LT","7","","1"
"71411","CANA PERIBEBUY 10 X 1 LT","0","0","0","0","0","PEREBEBUY","7","","10"
"71311","CANA SIMPATICA 10 X 1 LT","0","0","0","0","0","SIMPATICA","7","","10"
"71211","FERNET SIVIAR X 930","0","0","0","0","0","SIVIAR","7","","1"
"21211","GRAFFIGNA CABERNET X 3/4","24.57","24.57","24.57","24.57","24.57","GRAFFIGNA","2","","1"
"71111","FERNET RAMAZZOTTI X 1 LT","0","0","0","0","0","RAMAZZOTTI","7","","1"
"21111","DIAMANTE 12X1 TINTO","24.57","24.57","24.57","24.57","24.57","DIAMANTE","2","","12"
"71011","FERNET CAPRI X 750","0","0","0","0","0","CAPRI","7","","1"
"21011","COLON MALVEC X 3/4","24.57","24.57","24.57","24.57","24.57","COLON","2","","1"
"7911","WHISKI CHIVAS REGAL 12 ANOS","0","0","0","0","0","CHIVAS REGAL 12 ANOS","7","","1"
"2911","TORO PRISMA 6 X 750 SIRAH","24.57","24.57","24.57","24.57","24.57","TORO PRISMA","2","","6"
"1911","PALERMO 12 X 1","20.98","20.98","20.98","20.98","20.98","PALERMO","1","","12"
"7811","WHISKI HIRAN WALKER X 750","0","0","0","0","0","HIRAN WALKER","7","","1"
"2811","ESTANCIA MZA MERL-MALB X 3/4","24.57","24.57","24.57","24.57","24.57","ESTANCIA DE MENDOZA","2","","1"
"1811","BIECKER 12 X 1","20.98","20.98","20.98","20.98","20.98","BIECKER","1","","12"
"9711","SIDRA EL GAITERO 6X 910","0","0","0","0","0","EL GAITERO","9","","1"
"7711","WHISKI BLACK JACK X 750","0","0","0","0","0","BLACK JACK","7","","1"
"2711","LA COLINA MALVEC X 3/4","24.57","24.57","24.57","24.57","24.57","LA COLINA","2","","1"
"1711","IMPERIAL 12 X 1","20.98","20.98","20.98","20.98","20.98","IMPERIAL","1","","12"
"9611","CHAMP. LA COLINA DEMISEC X 750","0","0","0","0","0","LA COLINA","9","","1"
"7611","WHISKI BLEN. PRIDE X 1 LT","0","0","0","0","0","BLENDERS PRIDE","7","","1"
"2611","CANCILLER MALVEC X 3/4","24.57","24.57","24.57","24.57","24.57","CANCILLER","2","","1"
"1611","GUINNESS 24 X 330","20.98","20.98","20.98","20.98","20.98","GUINNES","1","","24"
"9511","CHAMP. GRAN CANCILLER X 750","0","0","0","0","0","CANCILLER","9","","1"
"7511","WHISKI BALLANTINES X 750","0","0","0","0","0","BALLANTINES","7","","1"
"2511","MARQ. DE LA COLINA 6 X 3/4 TINTO","24.57","24.57","24.57","24.57","24.57","MARQUE DE LA COLINA","2","","6"
"1511","CORONA 24 X 330","20.98","20.98","20.98","20.98","20.98","MODELO","1","","24"
"9411","FRIZANTE WISH X 750 BLANCO","0","0","0","0","0","WISK","9","","1"
"7411","WHISKI PREMIUM X 1 LT","0","0","0","0","0","PREMIUM","7","","1"
"5411","JUGO TUBITO 6 X 1 NARANJA BAGUAL","0","0","0","0","0","BAGUAL","5","","6"
"2411","TORITO 6 X 3/4 TINTO","24.57","24.57","24.57","24.57","24.57","TORITO","2","","6"
"1411","NEGRA MODELO 12 X 330","20.98","20.98","20.98","20.98","20.98","CORONA","1","","24"
"9311","CHAMP. COLON X 750 DEMISEC","0","0","0","0","0","COLON","9","","1"
"7311","WHISKY ARIZONA  X 750","0","0","0","0","0","ARIZONA","7","","6"
"6311","SER 6 X 2 NAR-DUR","0","0","0","0","0","SER","6","","6"
"5311","SER POLVO X 18 NARANJ","0","0","0","0","0","SER","5","","18"
"4311","SODA WALKIKI 6 X 2","0","0","0","0","0","WALKIKI","4","","1"
"2311","TORO VIEJO 6 X 3/4 TINTO","24.57","24.57","24.57","24.57","24.57","TORO VIEJO","2","","6"
"1311","SCHNEIDER 12 X 1","20.98","20.98","20.98","20.98","20.98","SCHNEIDER","1","","12"
"13211","NO COMPRA","0","0","0","0","0","NO COMPRA","13","","1"
"12211","REMERA TUBITO X 1 CHICO (S)","0","0","0","0","0","TUBITO","12","","1"
"10211","ENERG. RED BULL 24 X 250","0","0","0","0","0","RED BULL","10","","1"
"9211","CHAMP. MUMM CUEE X 750 EXT. BRUT","0","0","0","0","0","MUMM","9","","1"
"8211","LICOR CUSENIER X 200 MENTA","0","0","0","0","0","CUSENIER","8","","1"
"7211","PADDY X 1 LT","0","0","0","0","0","PADDY","7","","1"
"6211","VILLAVICENCIO 6 X 2 S/G","0","0","0","0","0","VILLA VICENCIO","6","","6"
"5211","JUGO FARNEDA 6 X 500 NAR.","0","0","0","0","0","FARNEDA","5","","1"
"4211","SODA BRIO 6 X 1750","0","0","0","0","0","BRIO","4","","6"
"3211","EXOCET 6 X 2 1/4 COLA","0","0","0","0","0","EXOCET","3","","6"
"2211","TORO 12 X 1 TINTO","24.57","24.57","24.57","24.57","24.57","TORO","2","","12"
"1211","HEINEKEN 12 X 1","20.98","20.98","20.98","20.98","20.98","HEINEKEN","1","","12"
"13111","PALLETS DE MADERA","0","0","0","0","0","VARIOS","13","","1"
"12111","MOCHILA BUDWEISER","0","0","0","0","0","BUDWEISER","12","","1"
"10111","ENERG. VITALIZA 12 X 250","0","0","0","0","0","VITALIZA","10","","1"
"9111","FRIZZE 6 X 750 BLANCO","0","0","0","0","0","FRIZZE","9","","1"
"3111","TUBITO 6 X 2 1/4 COLA","0","0","0","0","0","TUBITO","3","","6"
"7111","DOBLE V X 1 LT","0","0","0","0","0","DOBLE V","7","","1"
"6111","V. DEL SUR POMELO 6 X 1 1/2","0","0","0","0","0","VILLA DEL SUR","6","","6"
"5111","JUGO TEREX X 12 NARANJ","0","0","0","0","0","TEREREX","5","","1"
"4111","SODA TUBITO 6 X 21/4","0","0","0","0","0","TUBITO","4","","6"
"3111","TUBITO 6 X 2 1/4 COLA","0","0","0","0","0","TUBITO","3","","6"
"2111","NATIVO 8 X 1 TINTO","24.57","24.57","24.57","24.57","24.57","NATIVO","2","","8"
"1111","BUDWEISER 12 X 1","20.9","20.9","20.9","20.9","20.9","BUDWEISER","1","","12"
"4111","SODA TUBITO 6 X 21/4","0","0","0","0","0","TUBITO","4","","6"
"5111","JUGO TEREX X 12 NARANJ","0","0","0","0","0","TEREREX","5","","1"
"6111","V. DEL SUR POMELO 6 X 1 1/2","0","0","0","0","0","VILLA DEL SUR","6","","6"
"7111","DOBLE V X 1 LT","0","0","0","0","0","DOBLE V","7","","1"
"8111","LICOR SIVIAR 12  X 187 CHOCOL.","0","0","0","0","0","SIVIAR","8","","1"
"9111","FRIZZE 6 X 750 BLANCO","0","0","0","0","0","FRIZZE","9","","1"
"10111","ENERG. VITALIZA 12 X 250","0","0","0","0","0","VITALIZA","10","","1"
"12111","MOCHILA BUDWEISER","0","0","0","0","0","BUDWEISER","12","","1"
"13111","PALLETS DE MADERA","0","0","0","0","0","VARIOS","13","","1"
"1211","HEINEKEN 12 X 1","0","0","0","0","0","HEINEKEN","1","","12"
"2211","TORO 12 X 1 TINTO","0","0","0","0","0","TORO","2","","12"
"3211","EXOCET 6 X 2 1/4 COLA","0","0","0","0","0","EXOCET","3","","6"
"4211","SODA BRIO 6 X 1750","0","0","0","0","0","BRIO","4","","6"
"5211","JUGO FARNEDA 6 X 500 NAR.","0","0","0","0","0","FARNEDA","5","","1"
"6211","VILLAVICENCIO 6 X 2 S/G","0","0","0","0","0","VILLA VICENCIO","6","","6"
"7211","PADDY X 1 LT","0","0","0","0","0","PADDY","7","","1"
"8211","LICOR CUSENIER X 200 MENTA","0","0","0","0","0","CUSENIER","8","","1"
"9211","CHAMP. MUMM CUEE X 750 EXT. BRUT","0","0","0","0","0","MUMM","9","","1"
"10211","ENERG. RED BULL 24 X 250","0","0","0","0","0","RED BULL","10","","1"
"12211","REMERA TUBITO X 1 CHICO (S)","0","0","0","0","0","TUBITO","12","","1"
"13211","NO COMPRA","0","0","0","0","0","NO COMPRA","13","","1"
"1311","SCHNEIDER 12 X 1","0","0","0","0","0","SCHNEIDER","1","","12"
"2311","TORO VIEJO 6 X 3/4 TINTO","0","0","0","0","0","TORO VIEJO","2","","6"
"4311","SODA WALKIKI 6 X 2","0","0","0","0","0","WALKIKI","4","","1"
"5311","SER POLVO X 18 NARANJ","0","0","0","0","0","SER","5","","18"
"6311","SER 6 X 2 NAR-DUR","0","0","0","0","0","SER","6","","6"
"7311","WHISKY ARIZONA  X 750","0","0","0","0","0","ARIZONA","7","","6"
"9311","CHAMP. COLON X 750 DEMISEC","0","0","0","0","0","COLON","9","","1"
"1411","NEGRA MODELO 12 X 330","0","0","0","0","0","CORONA","1","","24"
"2411","TORITO 6 X 3/4 TINTO","0","0","0","0","0","TORITO","2","","6"
"5411","JUGO TUBITO 6 X 1 NARANJA BAGUAL","0","0","0","0","0","BAGUAL","5","","6"
"7411","WHISKI PREMIUM X 1 LT","0","0","0","0","0","PREMIUM","7","","1"
"9411","FRIZANTE WISH X 750 BLANCO","0","0","0","0","0","WISK","9","","1"
"1511","CORONA 24 X 330","0","0","0","0","0","MODELO","1","","24"
"2511","MARQ. DE LA COLINA 6 X 3/4 TINTO","0","0","0","0","0","MARQUE DE LA COLINA","2","","6"
"7511","WHISKI BALLANTINES X 750","0","0","0","0","0","BALLANTINES","7","","1"
"9511","CHAMP. GRAN CANCILLER X 750","0","0","0","0","0","CANCILLER","9","","1"
"1611","GUINNESS 24 X 330","0","0","0","0","0","GUINNES","1","","24"
"2611","CANCILLER MALVEC X 3/4","0","0","0","0","0","CANCILLER","2","","1"
"7611","WHISKI BLEN. PRIDE X 1 LT","0","0","0","0","0","BLENDERS PRIDE","7","","1"
"9611","CHAMP. LA COLINA DEMISEC X 750","0","0","0","0","0","LA COLINA","9","","1"
"1711","IMPERIAL 12 X 1","0","0","0","0","0","IMPERIAL","1","","12"
"2711","LA COLINA MALVEC X 3/4","0","0","0","0","0","LA COLINA","2","","1"
"7711","WHISKI BLACK JACK X 750","0","0","0","0","0","BLACK JACK","7","","1"
"9711","SIDRA EL GAITERO 6X 910","0","0","0","0","0","EL GAITERO","9","","1"
"1811","BIECKER 12 X 1","0","0","0","0","0","BIECKER","1","","12"
"2811","ESTANCIA MZA MERL-MALB X 3/4","0","0","0","0","0","ESTANCIA DE MENDOZA","2","","1"
"7811","WHISKI HIRAN WALKER X 750","0","0","0","0","0","HIRAN WALKER","7","","1"
"1911","PALERMO 12 X 1","0","0","0","0","0","PALERMO","1","","12"
"2911","TORO PRISMA 6 X 750 SIRAH","0","0","0","0","0","TORO PRISMA","2","","6"
"7911","WHISKI CHIVAS REGAL 12 ANOS","0","0","0","0","0","CHIVAS REGAL 12 ANOS","7","","1"
"21011","COLON MALVEC X 3/4","0","0","0","0","0","COLON","2","","1"
"71011","FERNET CAPRI X 750","0","0","0","0","0","CAPRI","7","","1"
"21111","DIAMANTE 12X1 TINTO","0","0","0","0","0","DIAMANTE","2","","12"
"71111","FERNET RAMAZZOTTI X 1 LT","0","0","0","0","0","RAMAZZOTTI","7","","1"
"21211","GRAFFIGNA CABERNET X 3/4","0","0","0","0","0","GRAFFIGNA","2","","1"
"71211","FERNET SIVIAR X 930","0","0","0","0","0","SIVIAR","7","","1"
"71311","CANA SIMPATICA 10 X 1 LT","0","0","0","0","0","SIMPATICA","7","","10"
"71411","CANA PERIBEBUY 10 X 1 LT","0","0","0","0","0","PEREBEBUY","7","","10"
"71511","WHISKI BLACK JACK X 1 LT","0","0","0","0","0","BLACK JACK X 1 LT","7","","1"
"2121","NATIVO 8 X 1 ROSADO","0","0","0","0","0","NATIVO","2","","8"
"3121","TUBITO 6 X 1 COLA","0","0","0","0","0","TUBITO","3","","6"
"4121","SODA TUBITO 6X1 1/2","0","0","0","0","0","TUBITO","4","","6"
"6121","V. DEL SUR AGUA 6 X 2 1/4","0","0","0","0","0","VILLA DEL SUR","6","","6"
"8121","LICOR SIVIAR  X 750 CHOCOL.","0","0","0","0","0","SIVIAR","8","","1"
"11121","BOTELLA X 3/4","0","0","0","0","0","BOTELLAS","11","","1"
"2221","TORO 12 X 1 ROSADO","0","0","0","0","0","TORO","2","","12"
"6221","V. VICENCIO 6 X 1 1/2 GASIFICADO","0","0","0","0","0","VILLA VICENCIO","6","","6"
"8221","LICOR CUSENIER X 700 MENTA","0","0","0","0","0","CUSENIER","8","","1"
"6321","SER 6 X 2 L.LIMON","0","0","0","0","0","SER","6","","6"
"13321","SIN FACTURA","0","0","0","0","0","SIN FACTURA","13","","1"
"5521","TUBITO SERRANO 6 X1","0","0","0","0","0","SERRANO","5","","6"
"5621","TUBITO AMARGO CUYANO X 1 LT","0","0","0","0","0","CUYANO","5","","1"
"2721","LA COLINA CHENIN-CHARDONAY X 700","0","0","0","0","0","LA COLINA","2","","1"
"9721","ANANA FIZZ 6X750 EL GAITERO","0","0","0","0","0","EL GAITERO","9","","1"
"2821","ESTANCIA MZA CHENIN-CHARD X 3/4","0","0","0","0","0","ESTANCIA DE MENDOZA","2","","1"
"2921","TORO PRISMA 6 X 750 TORR","0","0","0","0","0","TORO PRISMA","2","","6"
"21021","COLON CHARDONAY X 3/4","0","0","0","0","0","COLON","2","","1"
"2131","NATIVO 8 X 1 BLANCO","0","0","0","0","0","NATIVO","2","","8"
"3131","TUBITO 6 X 350 COLA","0","0","0","0","0","TUBITO","3","","6"
"11131","CAJON PLASTICO DE CERVEZA","0","0","0","0","0","BOTELLAS","11","","1"
"2231","TORO 12 X 1 BLANCO","0","0","0","0","0","TORO","2","","12"
"8231","LICOR 8 HERMANOS X 1 LT ANIS","0","0","0","0","0","CUSENIER","8","","1"
"6331","SER 6 X 2 CITRUS","0","0","0","0","0","SER","6","","6"
"71631","SIVIAR AMERICANO X 1 LT","0","0","0","0","0","AMERICANO SIVIER X 1 LT","7","","1"
"8141","VODKA SIVIAR  X 750 FRUTILLA","0","0","0","0","0","SIVIAR","8","","6"
"11141","BOTELLA X 500 V.VICENCIO","0","0","0","0","0","BOTELLAS","11","","1"
"6351","SER VIDACTIV 6 X 1 1/2 NAR-POM","0","0","0","0","0","SER","6","","6"
"6361","SER 6 X 1 1/2 NAR-MANDARINA","0","0","0","0","0","SER","6","","6"
"1112","BUDWEISER 12 X 650","0","0","0","0","0","BUDWEISER","1","","12"
"2112","NATIVO 6 X 3/4 TINTO","0","0","0","0","0","NATIVO","2","","6"
"3112","TUBITO 6 X 2 1/4 LIMA LIMON","0","0","0","0","0","TUBITO","3","","6"
"5112","JUGO TEREX X 12 POMELO","0","0","0","0","0","TEREREX","5","","1"
"6112","V. DEL SUR NARANJA 6 X 1 1/2","0","0","0","0","0","VILLA DEL SUR","6","","6"
"8112","LICOR SIVIAR 12 X 187 ARGENT.","0","0","0","0","0","SIVIAR","8","","1"
"9112","FRIZZE 6 X 750 ROJO","0","0","0","0","0","FRIZZE","9","","1"
"12112","PROMO SCHNEIDER X LITRO","0","0","0","0","0","BUDWEISER","12","","1"
"13112","DIFERENCIA DE BONIFICACION","0","0","0","0","0","VARIOS","13","","1"
"1212","HEINEKEN 12 X 650","0","0","0","0","0","HEINEKEN","1","","12"
"2212","TORO 8  X 1 TINTO","0","0","0","0","0","TORO","2","","8"
"3212","EXOCET 6 X 2 1/4 L. LIMON","0","0","0","0","0","EXOCET","3","","6"
"5212","JUGO FARNEDA 6 X 500 MAND","0","0","0","0","0","FARNEDA","5","","6"
"6212","VILLAVICENCIO 6 X 1 1/2 S/G","0","0","0","0","0","VILLA VICENCIO","6","","6"
"8212","LICOR CUSENIER X 200 CAFE","0","0","0","0","0","CUSENIER","8","","1"
"9212","CHAMP. MUMM CUEE X 750 DEMISEC","0","0","0","0","0","MUMM","9","","1"
"12212","REMERA TUB. X 1 MEDIANO (M)","0","0","0","0","0","TUBITO","12","","1"
"1312","SCHNEIDER 12 X 1 NEGRA","0","0","0","0","0","SCHNEIDER","1","","12"
"2312","TORO VIEJO 6 X 3/4 ROSADO","0","0","0","0","0","TORO VIEJO","2","","6"
"5312","SER POLVO X 18 MANZANA","0","0","0","0","0","SER","5","","1"
"6312","SER 6 X 1 1/2 NAR-DURAZNO","0","0","0","0","0","SER","6","","6"
"7312","WHISKI ARIZONA 12 X 187","0","0","0","0","0","ARIZONA","7","","1"
"9312","CHAMP. COLON X 750 EXT. BRUT","0","0","0","0","0","COLON","9","","1"
"1412","CORONA 12 X 710","0","0","0","0","0","CORONA","1","","1"
"2412","TORITO 6 X 3/4 ROSADO","0","0","0","0","0","TORITO","2","","6"
"9512","CHAMP. CANCILLER BRUT X 750","0","0","0","0","0","CANCILLER","9","","1"
"2612","CANCILLER CABERNET X 3/4","0","0","0","0","0","CANCILLER","2","","1"
"7612","W. BLENDER. PRIDE X 1 LT CON VASO","0","0","0","0","0","BLENDERS PRIDE","7","","1"
"9612","CHAMP. LA COLINA X 750 BRUT","0","0","0","0","0","LA COLINA","9","","1"
"1712","IMPERIAL 12 X 3/4","0","0","0","0","0","IMPERIAL","1","","12"
"1812","BIECKER 12 X 1 NEGRA","0","0","0","0","0","BIECKER","1","","12"
"2812","ESTANCIA MZA CABER-MERLOT X 3/4","0","0","0","0","0","ESTANCIA DE MENDOZA","2","","1"
"1912","PALERMO 24 X 355 LATA","0","0","0","0","0","PALERMO","1","","24"
"21012","COLON CABERNET X 3/4","0","0","0","0","0","COLON","2","","1"
"71012","FERNET CAPRI X 450","0","0","0","0","0","CAPRI","7","","1"
"21112","DIAMANTE 12X1 ROSADO","0","0","0","0","0","DIAMANTE","2","","12"
"71112","FER. RAMAZZOTTI X 1 LT CON VASO","0","0","0","0","0","RAMAZZOTTI","7","","1"
"21212","GRAFFIGNA MALVEC X 3/4","0","0","0","0","0","GRAFFIGNA","2","","1"
"71212","FERNET SIVIAR 12 X 187","0","0","0","0","0","SIVIAR","7","","1"
"71312","CANA SIMPATICA 6 X 1 LT DESC.","0","0","0","0","0","SIMPATICA","7","","6"
"2122","NATIVO 6 X 3/4 ROSADO","0","0","0","0","0","NATIVO","2","","6"
"3122","TUBITO 6 X 1 LIMA LIMON","0","0","0","0","0","TUBITO","3","","6"
"4122","SODA 6 X350","0","0","0","0","0","TUBITO","4","","0"
"6122","V. DEL SUR 6 X 1 1/2 AGUA","0","0","0","0","0","VILLA DEL SUR","6","","6"
"8122","LICOR SIVIAR X 750 ARGETINO","0","0","0","0","0","SIVIAR","8","","1"
"2222","TORO 8 X 1 ROSADO","0","0","0","0","0","TORO","2","","8"
"6222","VILLAVICENCIO 12 X 500 CON GAS","0","0","0","0","0","VILLA VICENCIO","6","","12"
"8222","LICOR CUSENIER X 700 CAFE","0","0","0","0","0","CUSENIER","8","","1"
"6322","SER 6 X 1 1/2 L.LIMON","0","0","0","0","0","SER","6","","6"
"9722","FREZA 6X750 EL GAITERO","0","0","0","0","0","EL GAITERO","9","","1"
"2822","ESTANCIA MZA CHARDONAY X 3/4","0","0","0","0","0","ESTANCIA DE MENDOZA","2","","1"
"2132","NATIVO 6 X 3/4 BLANCO","0","0","0","0","0","NATIVO","2","","6"
"3132","TUBITO 6 X 350 L. LIMON","0","0","0","0","0","TUBITO","3","","6"
"11132","CAJON PLASTICO V.VICENCIO","0","0","0","0","0","BOTELLAS","11","","1"
"2232","TORO 8 X 1 BLANCO","0","0","0","0","0","TORO","2","","8"
"6332","SER 6 X 1 1/2 CITRUS","0","0","0","0","0","SER","6","","6"
"71632","AMARGO SERRANO SIVIAR X 1LT","0","0","0","0","0","AMERICANO SIVIER X 1 LT","7","","1"
"8142","VODKA SIVIAR  X 750 ANANA","0","0","0","0","0","SIVIAR","8","","6"
"6352","SER VIDACTIV 12 X 715 NAR-POM","0","0","0","0","0","SER","6","","12"
"1113","BUDWEISER 6 X 1","0","0","0","0","0","BUDWEISER","1","","6"
"2113","NATIVO 12 X 1 TINTO","0","0","0","0","0","NATIVO","2","","12"
"3113","TUBITO 6 X 2 1/4 NARANJA","0","0","0","0","0","TUBITO","3","","6"
"5113","JUGO TEREX X 12 MIX","0","0","0","0","0","TEREREX","5","","1"
"6113","V. DEL SUR 6 X 1 1/2 MANZANA","0","0","0","0","0","VILLA DEL SUR","6","","6"
"7113","DOBLE V 12 X 200","0","0","0","0","0","DOBLE V","7","","12"
"8113","LICOR SIVIAR 12 X 187 CAFE","0","0","0","0","0","SIVIAR","8","","1"
"9113","FRIZZE 6 X 750 MELON","0","0","0","0","0","FRIZZE","9","","1"
"11113","BOTELLA X 1 LT","0","0","0","0","0","BOTELLAS","11","","1"
"12113","COMBO SCHNEIDER X LITRO","0","0","0","0","0","BUDWEISER","12","","0"
"13113","FREEZER","0","0","0","0","0","VARIOS","13","","1"
"1213","HEINEKEN 6 X 1","0","0","0","0","0","HEINEKEN","1","","6"
"2213","TORO TINTO 13 X 1 PROMO","0","0","0","0","0","TORO","2","","13"
"3213","EXOCET 6 X 2 1/4 NARANJ","0","0","0","0","0","EXOCET","3","","6"
"5213","JUGO FARNEDA 6 X 500 POMEL","0","0","0","0","0","FARNEDA","5","","6"
"6213","VILLAVICENCIO 12 X 500 SIN GAS","0","0","0","0","0","VILLA VICENCIO","6","","12"
"8213","LICOR CUSENIER X 200 D. DE LECHE","0","0","0","0","0","CUSENIER","8","","1"
"9213","CHAMP. MUMM CUEE X 187 EXTRA BRUT","0","0","0","0","0","MUMM","9","","12"
"12213","REMERA TUBITO X 1 GRANDE (L)","0","0","0","0","0","TUBITO","12","","1"
"1313","SCHNEIDER LOINECK 24 X 355","0","0","0","0","0","SCHNEIDER","1","","24"
"2313","TORO VIEJO 6 X 3/4 BLANCO","0","0","0","0","0","TORO VIEJO","2","","6"
"5313","SER POLVO X 18 LIMON","0","0","0","0","0","SER","5","","1"
"6313","SER 12 X 500 NAR-DUR","0","0","0","0","0","SER","6","","12"
"2413","TORITO 6 X 3/4 BLANCO","0","0","0","0","0","TORITO","2","","6"
"5413","JUGO TUBITO 6 X 1 POMEL. BAGUAL","0","0","0","0","0","BAGUAL","5","","6"
"9513","CHAMP. CANCILLER E. BRUT X 750","0","0","0","0","0","CANCILLER","9","","1"
"2613","CANCILLER MERLOT X 3/4","0","0","0","0","0","CANCILLER","2","","1"
"1713","IMPERIAL 24 X 330 LOINECK","0","0","0","0","0","IMPERIAL","1","","24"
"9713","SIDRA LA PARRANDA 6 X 750","0","0","0","0","0","EL GAITERO","9","","1"
"2813","ESTANCIA MZA MALVEC X 3/4","0","0","0","0","0","ESTANCIA DE MENDOZA","2","","1"
"1913","PALERMO PROMO DOCENA DE 13","0","0","0","0","0","PALERMO","1","","13"
"21013","COLON BEAUJOLAIS X 3/4","0","0","0","0","0","COLON","2","","1"
"71013","FERNET CAPRI X 200","0","0","0","0","0","CAPRI","7","","1"
"21113","DIAMANTE 12X1 BLANCO","0","0","0","0","0","DIAMANTE","2","","12"
"21213","GRAFFIGNA SIRAH X 3/4","0","0","0","0","0","GRAFFIGNA","2","","1"
"2123","NATIVO 12 X 1 ROSADO","0","0","0","0","0","NATIVO","2","","12"
"3123","TUBITO 6 X 1 NARANJ.","0","0","0","0","0","TUBITO","3","","6"
"6123","V. DEL SUR 12 X 750 AGUA","0","0","0","0","0","VILLA DEL SUR","6","","12"
"8123","LICOR SIVIAR  X 750 CAFE","0","0","0","0","0","SIVIAR","8","","1"
"2223","TORO RDO 13 X 1 PROMO","0","0","0","0","0","TORO","2","","13"
"6223","VILLA VICENCIO 24 X 500 C/G VIDRIO","0","0","0","0","0","VILLA VICENCIO","6","","24"
"8223","LICOR CUSENIER X 700 D. DE LECHE","0","0","0","0","0","CUSENIER","8","","1"
"6323","SER 12 X 500 L.LIMON","0","0","0","0","0","SER","6","","12"
"2133","NATIVO 12 X 1 BLANCO","0","0","0","0","0","NATIVO","2","","12"
"3133","TUBITO 6 X 350 NARANJA","0","0","0","0","0","TUBITO","3","","6"
"2233","TORO BLANCO 13 X 1 PROMO","0","0","0","0","0","TORO","2","","13"
"6333","SER 12 X 500 CITRUS","0","0","0","0","0","SER","6","","12"
"8143","VODKA SIVIAR  X 750 LIMON","0","0","0","0","0","SIVIAR","8","","6"
"6343","SER SPORT 6X600 NARANJA","0","0","0","0","0","SER","6","","6"
"6363","SER NAR-MAND 12 X 500","0","0","0","0","0","SER","6","","12"
"1114","BUD LATA 24 X 355","0","0","0","0","0","BUDWEISER","1","","24"
"2114","NATIVO TINTO PROMO X 1","0","0","0","0","0","NATIVO","2","","1"
"3114","TUBITO 6 X 2 1/4 GUARANA","0","0","0","0","0","TUBITO","3","","6"
"5114","JUGO TEREX X 12 LIMON","0","0","0","0","0","TEREREX","5","","1"
"6114","V. DEL SUR 12 X 500 POMELO","0","0","0","0","0","VILLA DEL SUR","6","","12"
"8114","LICOR SIVIAR 12  X 187 DURAZ.","0","0","0","0","0","SIVIAR","8","","1"
"9114","FRIZZE 6 X 750 ANANA","0","0","0","0","0","FRIZZE","9","","1"
"11114","FALTANTE BOTELLA","0","0","0","0","0","BOTELLAS","11","","1"
"12114","PROMO SCHNEIDER X 1 LT PREMIO","0","0","0","0","0","BUDWEISER","12","","1"
"13114","FRIZZER GORRA","0","0","0","0","0","VARIOS","13","","1"
"1214","HINEKEN LATA 24 X 350","0","0","0","0","0","HEINEKEN","1","","24"
"3214","EXOCET 6 X 2 1/4 GUARANA","0","0","0","0","0","EXOCET","3","","6"
"5214","JUGO FARNEDA 6 X 500 ANANA","0","0","0","0","0","FARNEDA","5","","6"
"6214","V.VICENCIO SPORT 12 X 750 AGUA","0","0","0","0","0","VILLA VICENCIO","6","","12"
"8214","LICOR CUSENIER X 200 PINA CLINTON","0","0","0","0","0","CUSENIER","8","","1"
"9214","CHAMP. MUMM CUEE X 750 ROSE","0","0","0","0","0","MUMM","9","","1"
"12214","TUBITO PROMO CUBIERTO","0","0","0","0","0","TUBITO","12","","1"
"1314","SCHNEIDER LATA 24 X 355","0","0","0","0","0","SCHNEIDER","1","","24"
"2314","TORO V. LACRADO 6 X 3/4","0","0","0","0","0","TORO VIEJO","2","","6"
"5314","SER POLVO X 18 NAR-DURAZ.","0","0","0","0","0","SER","5","","1"
"9514","CHAMP. CANCILLER DEMISEC X 750","0","0","0","0","0","CANCILLER","9","","1"
"2614","CANCILLER MALVEC X 1500","0","0","0","0","0","CANCILLER","2","","1"
"2814","ESTANCIA MZA CABERNET X 3/4","0","0","0","0","0","ESTANCIA DE MENDOZA","2","","1"
"71014","FERNET CAPRI X 750 CON VASO","0","0","0","0","0","CAPRI","7","","1"
"21214","GRAFFIGNA VINCULOS SIRAH-CABER. X  3/4","0","0","0","0","0","GRAFFIGNA","2","","1"
"2124","NATIVO ROSADO PROMO X 1","0","0","0","0","0","NATIVO","2","","1"
"3124","TUBITO 6 X 1 GUARANA","0","0","0","0","0","TUBITO","3","","6"
"6124","V. SUR X 6 LTRS","0","0","0","0","0","VILLA DEL SUR","6","","6"
"8124","LICOR SIVIAR  X 750 DURAZ.","0","0","0","0","0","SIVIAR","8","","1"
"8224","LICOR CUSENIER X 1 LT PINA CLINTON","0","0","0","0","0","CUSENIER","8","","1"
"21224","GRAFFIGNA CHARDONAY X 3/4","0","0","0","0","0","GRAFFIGNA","2","","1"
"2134","NATIVO BLANCO PROMO X 1","0","0","0","0","0","NATIVO","2","","1"
"3134","TUBITO 6 X 350 GUARANA","0","0","0","0","0","TUBITO","3","","6"
"8144","VODKA SIVIAR  X 750 DURAZNO","0","0","0","0","0","SIVIAR","8","","6"
"6344","SER SPORT 6X600 MANZANA","0","0","0","0","0","SER","6","","6"
"1115","BUD. LOINECK  24 X 355","0","0","0","0","0","BUDWEISER","1","","24"
"2115","NATIVO TINTO PROMO COMBO X 6","0","0","0","0","0","NATIVO","2","","18"
"3115","TUBITO 6 X 2 1/4 POMELO","0","0","0","0","0","TUBITO","3","","6"
"5115","SOBRE DE TEREX X 18 S/C","0","0","0","0","0","TEREREX","5","","1"
"6115","V. DEL SUR 12 X 500 MANZANA","0","0","0","0","0","VILLA DEL SUR","6","","12"
"8115","LICOR SIVIAR 12 X 187 FRUTILLA","0","0","0","0","0","SIVIAR","8","","1"
"9115","FRIZZE 6 X 750 CITRUS","0","0","0","0","0","FRIZZE","9","","1"
"12115","COMBO SCHNEIDER X 12 LATAS 473","0","0","0","0","0","BUDWEISER","12","","12"
"13115","FRIZZE REMERA","0","0","0","0","0","VARIOS","13","","1"
"1215","HEINEKEN LATA 24X473","0","0","0","0","0","HEINEKEN","1","","24"
"3215","EXOCET 6 X 2 1/4 POMELO","0","0","0","0","0","EXOCET","3","","6"
"5215","JUGO FARNEDA 6 X 500 FRUTILLA","0","0","0","0","0","FARNEDA","5","","6"
"6215","VILLA VCENCIO 24 X 500 S/G VIDRIO","0","0","0","0","0","VILLA VICENCIO","6","","24"
"12215","TUBITO PROMO PLATO","0","0","0","0","0","TUBITO","12","","1"
"1315","SCHNEIDER LATA 24 X 473","0","0","0","0","0","SCHNEIDER","1","","24"
"2315","TORO SIRAK 6 X 3/4 TINTO","0","0","0","0","0","TORO VIEJO","2","","6"
"5315","SER POLVO X 18 POM. ROSADO","0","0","0","0","0","SER","5","","1"
"2615","CANCILLER CABERNET X 1500","0","0","0","0","0","CANCILLER","2","","1"
"2815","ESTANCIA MZA MALVEC ROBLE X 3/4","0","0","0","0","0","ESTANCIA DE MENDOZA","2","","1"
"71015","FERNET CAPRI X 1 LT PROMO","0","0","0","0","0","CAPRI","7","","1"
"21215","GRAFFIGNA X 3/4 135 ANIVERS.","0","0","0","0","0","GRAFFIGNA","2","","1"
"2125","NATIVO ROSADO PROMO COMBO X 6","0","0","0","0","0","NATIVO","2","","25"
"3125","TUBITO 6 X 1 POMELO","0","0","0","0","0","TUBITO","3","","6"
"8125","LICOR SIVIAR X 750 FRUTILLA","0","0","0","0","0","SIVIAR","8","","1"
"8225","LICOR CUSENIER X 700 DURAZ.","0","0","0","0","0","CUSENIER","8","","1"
"2135","NATIVO BLANCO PROMO COMBO X 6","0","0","0","0","0","NATIVO","2","","18"
"3135","TUBITO 6 X 350 POMELO","0","0","0","0","0","TUBITO","3","","6"
"8145","VODKA SIVIAR  X 750 NARANJA","0","0","0","0","0","SIVIAR","8","","6"
"6345","SER SPORT 6X600 MANDARINA","0","0","0","0","0","SER","6","","6"
"1116","VASO PROMO BUDWEISER","0","0","0","0","0","BUDWEISER","1","","1"
"3116","TUBITO 6 X 2 1/4 POMELO ROSADO","0","0","0","0","0","TUBITO","3","","6"
"6116","V. DEL SUR 12 X 500 NARANJA","0","0","0","0","0","VILLA DEL SUR","6","","12"
"8116","LICOR SIVIAR 12 X 187 MENTA","0","0","0","0","0","SIVIAR","8","","1"
"9116","FRIZZE 6 X 750 DURAZNO","0","0","0","0","0","FRIZZE","9","","1"
"12116","PROMO BUDW. VALE OTRA X 1 LT","0","0","0","0","0","BUDWEISER","12","","1"
"13116","BIDON ROUNDUP FULL II X 20LTS.","0","0","0","0","0","VARIOS","13","","1"
"1216","HEINEKEN. LOINECK 24 X 330","0","0","0","0","0","HEINEKEN","1","","24"
"3216","EXOCET 6 X 2 1/4 POM. ROSADO","0","0","0","0","0","EXOCET","3","","6"
"5216","JUGO FARNEDA 6 X 500 DURAZNO","0","0","0","0","0","FARNEDA","5","","6"
"2316","TORO V. SIRAK 6  X 1250 TTO","0","0","0","0","0","TORO VIEJO","2","","6"
"5316","SER POLVO X 18 MELON-MANZA","0","0","0","0","0","SER","5","","1"
"21216","AYRES DE CAFAYATE CABERNT X 750","0","0","0","0","0","GRAFFIGNA","2","","1"
"21316","AYRES DE CAFAYATE MALVEC X 750","0","0","0","0","0","AYRES DE CAFAYATE","2","","1"
"3126","TUBITO 6 X 1 POMELO ROSADO","0","0","0","0","0","TUBITO","3","","6"
"8126","LICOR SIVIAR  X 750 MENTA","0","0","0","0","0","SIVIAR","8","","1"
"8226","TIA MARIA X 700 LT","0","0","0","0","0","CUSENIER","8","","1"
"2626","CANCILLER CHENIN X 3/4","0","0","0","0","0","CANCILLER","2","","1"
"2136","NATIVO X 1 BLANCO","0","0","0","0","0","NATIVO","2","","1"
"3136","TUBITO 6 X 350 ORO","0","0","0","0","0","TUBITO","3","","6"
"8146","VODKA SIVIAR  X 750 GUARANA","0","0","0","0","0","SIVIAR","8","","6"
"6346","SER SPORT 6X600 POMELO ROS.","0","0","0","0","0","SER","6","","6"
"1117","BUDWEISER PROMO DOC. DE 13","0","0","0","0","0","BUDWEISER","1","","12"
"3117","TUBITO 6 X 2 1/4 UVA","0","0","0","0","0","TUBITO","3","","6"
"8117","PINA COLADA SIVIAR 12 X 187","0","0","0","0","0","SIVIAR","8","","1"
"9117","FRIZZE 6 X 750 F. DEL BOSQUE","0","0","0","0","0","FRIZZE","9","","1"
"13117","ESTUCHE VINO CANCILLER X 750","0","0","0","0","0","VARIOS","13","","1"
"3217","EXOCET 6 X 2 1/4 LIMONADA","0","0","0","0","0","EXOCET","3","","6"
"5217","JUGO FARNEDA 6 X 500 GRANAD","0","0","0","0","0","FARNEDA","5","","6"
"2317","TORO V.  6  X 1250 TORRONTES","0","0","0","0","0","TORO VIEJO","2","","6"
"21217","GRAFFIGNA MALVEC-SIRAH X 3/4","0","0","0","0","0","GRAFFIGNA","2","","1"
"3127","TUBITO 6 X 1 UVA","0","0","0","0","0","TUBITO","3","","6"
"8127","PINA COLADA SIVIAR X 750","0","0","0","0","0","SIVIAR","8","","1"
"8227","HIRAN WALKER VODKA X 750","0","0","0","0","0","CUSENIER","8","","1"
"3137","TUBITO 6 X 350 UVA","0","0","0","0","0","TUBITO","3","","6"
"8147","VODKA SIVIAR  X 750 COMUN","0","0","0","0","0","SIVIAR","8","","6"
"3118","TUBITO 6 X 2 1/4 GRANADINA","0","0","0","0","0","TUBITO","3","","6"
"8118","LICOR SIVIAR 12 X 187 D. DE LECHE","0","0","0","0","0","SIVIAR","8","","1"
"9118","FRIZZE 6 X 750 FRUTILLA","0","0","0","0","0","FRIZZE","9","","1"
"12118","BOTELLA DE BUD X 1 LT S/C","0","0","0","0","0","BUDWEISER","12","","1"
"13118","FRAPERA DE PLAST. CANCILLER","0","0","0","0","0","VARIOS","13","","1"
"3218","EXOCET 6 X 2 1/4 TUTIFRUTI","0","0","0","0","0","EXOCET","3","","6"
"5218","JUGO FARNEDA 6 X 500 COLA","0","0","0","0","0","FARNEDA","5","","6"
"3128","TUBITO 6 X 1 GRANADINA","0","0","0","0","0","TUBITO","3","","6"
"8128","LICOR SIVIAR  X 750 DULCE DE LECHE","0","0","0","0","0","SIVIAR","8","","1"
"3138","TUBITO 6 X 350 GRANADINA","0","0","0","0","0","TUBITO","3","","6"
"3119","TUBITO 6 X 2 1/4 LIMONADA","0","0","0","0","0","TUBITO","3","","6"
"8119","LICOR SIVIAR 12 X 187 ANIS","0","0","0","0","0","SIVIAR","8","","1"
"9119","MUMM BRUT ROSE X 750","0","0","0","0","0","FRIZZE","9","","1"
"13119","FRAPERA DE PLAST. EST. MENDOZA","0","0","0","0","0","VARIOS","13","","1"
"3129","TUBITO 6 X 1 LIMONADA","0","0","0","0","0","TUBITO","3","","6"
"8129","LICOR SIVIAR  X 750 ANIS","0","0","0","0","0","SIVIAR","8","","1"
"3139","TUBITO 6 X 350 LIMONADA","0","0","0","0","0","TUBITO","3","","6"
"81110","LICOR SIVIAR X 187 D. DE LECHE SIN CARGO","0","0","0","0","0","SIVIAR","8","","1"
"31210","FERNET TUBITO 6X1","0","0","0","0","0","TUBITO","3","","6"
"81111","	LICOR SIVIAR 12 X 187 CHOCOL.","0","0","0","0","0","SIVIAR","8","","1"
"81112","LICOR SIVIAR X 187 ARGENT.","0","0","0","0","0","SIVIAR","8","","1"
"61115","V. DEL SUR CON GAS POMELO 6 X 1 1/2","0","0","0","0","0","VILLA DEL SUR","6","","6"
"61116","V. DEL SUR CON GAS NAR. 6 X 1 1/2","0","0","0","0","0","VILLA DEL SUR","6","","6"
"81116","LICOR SIVIAR X 187 MENTA SIN CARGO","0","0","0","0","0","SIVIAR","8","","1"
"61117","V. DEL SUR CON GAS MANZAN. 6 X 1 1/2","0","0","0","0","0","VILLA DEL SUR","6","","6"
"12117","PROMO BUDW. VALE OTRA X 1 LT PREMIO","0","0","0","0","0","HEINEKEN","1","","1"
"61118","V. DEL SUR CON GAS NARANJ. 12 X 500","0","0","0","0","0","VILLA DEL SUR","6","","12"
